Hashtag,Freq
startups,49
proptech,866
actualité,3
cüriositee,7
australianfintech,1
fintech,64
tech,20
bnpparibas,3
eatoday,4
propertynews,11
azora,2
webinar,5
golf,1
costadelsol,1
realestate,202
blockchain,14
cocina,2
viviendas,3
avintia,1
luznatural,1
luzartificial,1
realestateinvesting,9
soyadpi,1
soyavai,1
soyabai,1
profesionaltitulado,1
prestigioprofesional,1
atpgroup,1
handwerker,1
plattform,1
machinelearning,1
realestatefutureproof,1
iot,60
digitaltwins,1
investors,5
cbreproptech,2
innovation,19
crm,3
realestatecrm,1
virtualtours,3
smartviewing,2
newsletter,2
ki,2
rics,5
ecosistema,3
bookreview,2
property,47
barcelona,3
token,2
sociawires,4
imho,1
digital,23
inmobiliaria,13
bremen,1
baubranche,1
patrizia,1
metropolitanhouse,1
dataethics,1
ahgroup,1
s2smark,1
countrywide,1
yourmove,1
disruption,91
covid19,18
sustainability,14
submetering,1
martech,8
bigdata,12
paytech,9
ai,42
wordpress,2
remtech2020,4
goodwinlaw,2
data,120
goodwinrealestate,1
free,3
realestatebroker,1
realestateagent,8
dynamicreshowing,2
5g,6
workplace,11
workplacesolutions,2
officespace,2
cre,37
facilitymanagement,4
dubai,8
london,2
calcularhipoteca,1
calculadorahipotecaria,1
hipoteca,1
internationalpodcastday,1
podcast,3
mortgage,4
relab,4
futureofretail,1
ref,1
startup,36
li,2
gründer,2
sior,1
immobilier,26
estateag,1
estateagents,11
inmobiliario,4
europeo,1
insurtech,12
insurance,1
conveyancers,4
encemoment,4
commerce,1
construction,13
nantes,1
smarthome,5
business,3
market,1
online,3
hotels,1
cretech,11
securedata,2
dataprivacy,2
proportunity,1
uber,6
uberrealestate,6
homes,7
sfgate,6
sanfrancisco,9
alwayssf,6
sf,6
singapore,3
jobs,3
atsocial,2
bacnet,2
b2b,4
sensors,1
erp,1
aiinrealestate,2
artificialintelligence,7
website,1
gaboras,1
multitenant,1
cdntech,1
mcr2020,1
habitation,1
roboticprocessautomation,3
assetsoft,4
smartbuilding,6
tbt,3
entrepreneur,1
womanentrepreneur,1
womanpreneur,1
ladyboss,1
bosslady,1
entrepreneurship,1
m7structura,2
proptechs,3
technology,31
sublease,2
sanfran,2
propertymanagement,9
dataroom,1
bbconstrumat,2
evénement,3
entreprendre,3
ecommerce,8
outletinmobiliario,1
subastasvirtuales,1
subastas,1
remates,1
fincaraiz,2
reimaginingrealestate,8
virtual,2
eddysolutions,1
pclconstruction,1
virtualiotproptechsummit,1
savvyseller,5
retech,4
review,1
fivestar,1
sold,5
auctions,1
auctioneers,1
soldproperty,1
mtlconnecte2020,1
conference,3
precovid,1
proptechnantes,1
calmenacrm,2
fürmakler,2
profilseite,2
bieterplattform,2
venbona,2
builtincrm,4
videotours,4
reo,4
workfromanywhere,4
homesforsale,4
patrimonio,1
smartbuildings,8
buildingbeyond,1
venturecapital,13
m,2
blog,2
mfeconference,4
dd,1
welikespacs,1
hospitality,2
land,2
buyland,2
sellland,1
hispanicheritagemonth,1
latinos,1
lockdown,2
tekdaily,1
usamfghour,1
supplychain,1
mfg,1
loan,10
credit,10
negocios,1
emprendimiento,1
propertydevelopment,2
infografía,1
decoración,1
render,1
baboonlab,1
salón,1
crmdashboards,1
remoteaccess,1
bms,1
interview,4
cuengine,1
investmen,1
agent,1
nihny,2
meencantamitrabajo,1
onsite,1
exclusiveinterview,1
ir4,4
finserv,5
fridayfika,1
vps2020,1
privateproperty,1
leveedefonds,1
housing,4
detroit,2
crowdfunding,2
iscwest,2
newnormal,5
wasi100000k,1
rent,7
tenants,13
landlords,11
3d,1
millennial,1
proptechforgood,1
ahorrar,1
dinero,1
consejos,1
casa,5
buildwithlivevend,1
pricecompare,1
buildingmaterials,1
constructionmaterials,1
constructioninnigeria,1
lettingagents,6
awards,1
datascience,1
smartcityinnovation,1
smartcityinnovationtestbed,1
whitepapers,1
hub,1
industrial,5
apartmenthackers,1
multifamily,6
home,5
news,11
fasttracktoinnovation,1
cma,1
speaker,1
avobis,2
madrid,3
coworking,2
fund,1
financing,2
econveyancing,2
clave,1
deplace,1
brazil,6
india,6
italy,1
maprimerenov,3
cee,1
rénovationenergétique,3
ecorénovation,1
builtenvironment,3
planstack,1
ajar,10
أجار,3
vivienda,3
inmobiliarias,3
digitaltransformation,16
inspirationalwednesdays,3
trending,4
technews,8
energyconsumption,1
properties,1
digitalisation,1
futureofwork,1
waybackwednesday,2
propertysoftware,2
rentrovi,1
evkiralama,1
saas,5
customerserviceweek,1
customerservicedepartment,1
eamasters,3
businessintelligence,1
housingday,1
bim,8
tenantexperience,2
psychology,1
spacent,4
reports,2
digitalizacion,1
agents,2
uktech,4
nationalcustomerserviceweek,2
customercare,2
defectmanagement,2
contech,17
sil2020,1
mercadoimobiliario,1
realestateportugal,1
logistics,4
dataanalytics,1
roi,1
returnoninvestment,1
promindgroup,5
re2020,3
thankyou,5
digitalmarketing,1
graphicdesign,1
webservices,1
chantier,4
app,9
mobile,4
rentals,5
newtechnology,1
funds,1
sectorialrealstate,4
cambridgedrones,2
investissement,2
investir,1
épargne,1
propertymarket,1
spacewell,2
sustainable,3
building,5
operations,3
letemps,1
icymi,2
infographic,1
flexibleoffice,1
family,1
team,1
realtors,2
yardi,1
joinajar,7
uls,2
realidadaumentada,1
manchester,7
streetlaunch,1
fundings,1
theexchange,1
covid,3
airbnb,1
travel,1
landlord,4
letting,1
rental,2
elyssaapp,1
tsproptech,2
canada,4
throwbackthursday,2
propelbymipim,2
inversión,1
phoenixsoftware,1
realestateplatform,1
nordic,7
flowpath,1
returntowork,1
vender,3
piso,3
funding,4
conferences,1
perspectives,1
research,1
énergie,1
urbanplanning,1
realestatetech,3
alifrealty,1
alifterms,1
a2zrealestate,1
aectechtv,1
superyacht,1
ecofriendly,1
traveltech,1
robot,11
ev,10
eparking,10
cx,10
análisis,1
augmentedreality,1
marketing,24
trends,1
valcre,1
solar,14
savvylane,2
rennes,1
plantech,4
cladding,4
keynotesspeakers,1
venderpico,2
colombia,1
hoy,1
meetings,1
architecture,3
buildings,3
realtor,2
futureofrealestate,3
orlandorealestate,3
cloud,1
ruhrgebiet,1
digitalhubms,1
thinkdigital,1
smartcities,18
bienvenida,1
omnichannel,3
planforthefuture,1
planningforthefuture,3
votenc,1
zeil,2
alphaseedtechnology,2
alphaseed,2
newproject,2
new,2
commercialrealestate,11
tenents,1
amenities,1
rtpi,2
riba,2
commercial,4
brokerage,2
leasing,1
etapa,4
humanos,4
ukproptechawards2020,4
eceprojektmanagement,1
5000followers,2
datamanagement,1
bopol,1
digitalisering,1
ukproptech,1
futureproofoffice,2
itsystems,1
technologies,2
ai2realestate,1
iproupnews,1
aleg,1
realestatetechnology,1
drones,1
youtube,1
youtubechannel,1
deals,2
wohnen,2
upstart100,1
thefutureisours,1
estateagent,1
design,1
vinciimmobilier,2
lici,2
affitti,4
residenziale,3
tex,3
lyon,6
purplebricks,1
smartcity,3
crowdlending,1
blogoyrsa,4
portals,1
zoopla,1
risingstars,1
estateagency,1
hmo,1
vídeo,1
producto,1
servicio,1
artículo,1
hausify,1
entrepreneurs,1
virtualviewing,1
commscoblog,4
cuidar,2
voicefirst,8
apple,3
indoordesign,1
indoorlighting,1
daylight,1
nuclioweekend,1
opendata,2
mentormonday,3
workfromhome,1
buildbuildbuild,1
agrifarm,1
doyouknow,1
digitales,2
mondaymotivation,2
residential,1
recruitment,1
colonies,1
homeloop,1
cometmeetings,1
lettings,4
gentrification,1
ukhousing,8
compliance,5
certificates,4
clientvoice,2
tcw,1
servicesoft,3
compliancesolution,1
dox42,2
scoperty,1
ready,3
communities,1
qualityoflife,1
placesthatmatter,1
wirbank,2
nelsonmandela,1
mondaymorning,1
mondaythoughts,1
sorosoke247,1
nigeria,32
propertyrecruitment,1
realestaterecruitment,1
realestatejobs,1
hausheld,1
wir,1
cybersecurity,1
pilabs,1
propster,1
digitization,1
digitalización,4
investments,2
michaelcook,1
corona,2
digitalisierung,5
reachuk,2
vc,3
wired,1
rentd,2
cyber,4
security,4
regtech,6
job,2
vacature,2
ibuyer,1
tradetalks,2
futurefridays,3
thepropcast,1
catc,1
accounting,1
legaltech,1
big4,1
accesscontrol,3
pmexpo2020,1
asia,1
brianma,1
고스트키친,2
브리즈인베스트먼트,2
realfund,1
blockchainespaña,1
etour,8
prosales,1
renting,2
renters,2
contentservice,1
buildingmanagers,1
gateway,6
iiot,5
agoraproptechlatam,2
proptechweek,12
annonces,2
hvac,1
lmrepropcast,2
networking,1
smartworking,1
noovarealty,1
veille,1
cordacon2020,1
nacióninnovación126,1
maxeem,4
dpe,2
transformacióndigital,1
spacs,4
abstractart,1
patternart,1
conceptart,1
geometricart,1
abstractfigureart,1
lineart,1
blackandwhiteart,1
investing,3
tic,2
tecnología,1
photovoltaic,1
windows,1
partnerschaft,4
komfort,2
service,2
switzerland,1
luxembourg,2
frenchtech,4
deniabeach,1
sonneil,1
coronakrise,1
transfodigitale,1
entreprise,2
révolution,1
cordacon,3
unitect,1
hti,1
smartsolutions,3
newwebsite,3
mriascend,1
newsupdate,5
réhabiliter,3
rénover,3
wizzcad,3
newdelhi,2
startupluxembourg,1
aberdeins,2
marketplace,1
automation,1
leadership,3
bureaux,1
ukproptechawards,1
technologie,1
construccion,1
canbimfall20,2
acquisition,1
angels,8
payments,2
founders,1
proptechtoday,4
proptechdigitaldays,8
risebuildings,1
ceo,1
ecosystem,1
commercialproperty,2
flutter,5
immobilierdentreprise,1
cincinnati,1
iotproptech,3
tokenization,1
entrevista,1
audio,1
development,1
bloginmoversion,1
tech4good,1
dronetech,1
vendervivienda,1
energyperformance,1
facialrecognition,2
onestoppropertystop,4
realestateservices,6
aggregator,4
platform,7
advisory,3
startupnews,1
virtualkeys,1
doorr,1
toronto,1
financial,1
office,3
whitepaper,3
goldmember,2
rpatechnology,2
4seeanalytics,2
autumnequinox,2
helpline,2
impuestos,1
comprar,1
covid_impactre,1
crowdfunded,2
marketingsolutions,4
ontario,2
onlinemarketplaces,2
agenttechfinder,2
finance,1
clearcastpodcast,1
realestatefintech,1
proptechecuador,3
exploits,1
vulnverabilities,1
bwtasia,1
bwtrealestate,1
propertytechnology,1
bureau,3
nuevastecnologías,1
información,1
digitalrealestateday,2
crisesanitaire,1
apis,3
softwaredevelopment,3
alexbeagrie,1
emilyinparis,1
4real,1
bucharest,1
facilities,1
framence,1
hiring,35
gustavolópez,1
geospatial,1
mapaproptech,1
fundraising,1
digitaltwin,2
mythings,3
rpa,1
goodmorning,2
francophone,1
mtl,1
asset,2
database,2
gascertificate,1
gas,1
thursdaythoughts,7
esaspacesolutions,2
agentimmobilier,1
future,4
buildtech,1
warehouse,5
ia,2
mit,4
notaires,1
cirq2020,2
propchallenge,1
compraconlucas,2
novedad,1
bayut,1
mybayut,1
rescue,1
cobot,1
talkfundinghour,1
talkfunding,1
proptechchallenge,2
montreal,1
coliving,6
ciudades,2
innovations,1
vcsforfemalefounders,3
marché,2
appartement,2
denmark,1
logo,1
company,1
signatureelectronique,2
dématérialisation,2
immobiliers,2
climatechange,1
immobiliare,2
wallcast,2
kerfuffle,1
posizionarte,1
lasemanaencinconoticias,1
vr,5
biometrics,2
propit,1
art,3
tokyo,3
japan,3
ar,11
culture,3
reviva,2
bobygo,1
limehome,1
lakestar,1
seriea,1
mondayvibes,1
mondaymindset,1
mortgages,1
siteselection,2
actualidad,1
dach,2
workplaceinsight,3
macroeconomic,3
cmsequip,1
planning,1
retas,1
elevators,1
escalators,1
gratis,1
mmc,7
sundayproperty,5
rcib2020,3
intelligenceartificielle,1
australie,1
nz,1
exporeal2020,1
builtworld,5
digitalrealestateweek,1
face2face,1
multifanily,1
nedbank,2
proptechlatam,1
cooleyllp,1
africatech,1
ibcon2020,1
realcomm,1
plusvaliamunicipal,1
venderpiso,1
feierabend,1
mixedreality,4
edtech,4
finalist,1
crypto,1
cmc,1
eth,1
bitc,1
spac,1
tishman,1
accessibility,1
tuesdaytreat,1
sensorberg,1
developers,3
engineering,5
henniebotes,2
premio,1
under40,1
covidprotect,1
traviskalanick,1
ghostkitchen,1
remotework,2
affordableiot,2
buildingautomation,5
selfguidedtours,1
econdev,1
lorawan,3
innovationen,1
zusammenarbeit,1
inversores,1
deesstribling,1
brokers,1
healthtech,1
shortrent,4
associazione,1
aigab,1
consultorimobiliario,1
portugal,1
socialmedia,1
redesociais,1
pending,1
saving,1
endswat,1
endpolicebrutalityinnigeria,1
endbadgovernmentinnigeria,1
cambercreek,1
regeneration,8
transport,8
immobilienwirtschaft,1
electric,1
china,1
selfdrivingcars,1
infrastructure,7
buildingperformance,2
contractor,2
propertymaintenance,2
buildingmaintenance,2
buildingservices,2
millenials,1
wfh,1
remoteworking,1
talkinboutregen,1
transformation,2
innovative,2
cities,2
urban,2
spaces,2
cphftw,1
videogame,1
einblick,1
wohntrends,1
mdrlab,1
envivo,2
anysizedealsweek,3
tussle,1
virutalrealestate,1
onlinerealestate,1
sellwithhelp,1
irpm,2
ethical,2
ethics,2
standards,2
supporter,2
la,1
propertybusiness,1
bristol,1
ukproptechaward2020,3
auctm,1
woho,1
network,1
scoreinmobiliario,1
abogado,1
derecho,1
juristas,1
estudiodetítulos,1
ökosystems,1
proud,1
bli,1
marvel,1
immobilienbranche,2
wohnungswirtschaft,2
nrep,1
koditio,1
processes,1
tasks,1
woarkload,1
homeowners,1
maintenancemanager,1
btr,1
strategy,1
evi,1
light,1
coast,1
theuncon,1
housingtech,1
launch,1
marcdrexel,1
ourtowns,1
electronics,3
dalilighting,3
enocean,2
retailtech,1
selfdriving,2
safety,1
dynamic,1
speakers,1
november,1
knowledge,1
realestatedevelopment,1
hbcu,3
top100,1
mrisocialhousing,1
dinsummit,1
portfolio,1
smartlockers,2
nairobi,1
mest,1
