Location,Freq
Reading,5
APAC,1
,648
Barcelona,71
Aix-en-Provence,3
Paris,125
Alicante,6
France,40
London,232
Birmingham,14
London mainly,9
Malaysia,21
South West,4
Frosty,1
England,23
Oxfordshire,6
Madrid,88
Principales costas de EspaÃ±a,6
ESTEC,3
Zaragoza,3
 ,17
EspaÃ±a,41
Lorca,1
Neuilly-sur-Seine,2
Kingston upon Thames,11
Base/Berlin/Freiburg,2
Bury St Edmunds,15
Earth,66
New Delhi,3
Vigo,11
Lappeenranta,6
United Kingdom,111
Everywhere,5
MAD BCN BIO SEV VAL LCA,1
York,4
Hartford,2
Worldwide,13
Milano,15
Spain,9
Barcelona/Madrid/Mallorca,1
Trabajando en casa,1
MADRID,2
ECSAT,3
Quezon. City,1
Berlin,36
Royaume-Uni,3
Saint-Herblain,4
LDN - BER - ZH - LUX,13
All around the world ğŸŒ,4
Madrid (Spain),3
South Wales,1
Mysore  and  BERLIN,15
Amsterdam,6
Donde quieras tu #vivienda,5
UK,47
Fraser Business Park,1
Dublin City,13
Hamburg,5
Bremen,2
EspaÃ±a y LATAM,2
Trowbridge,3
C/ Ribera del Loira 12. Madrid,1
Indonesia,1
Manchester and North West,4
Raccoon City,1
Lagos,38
Ireland,8
Oulu,3
madrid,2
South Africa,20
Mumbai,13
Cannes,5
Rosario,1
Toronto,78
Paris | Nice | Bordeaux,4
Maracaibo,9
ğŸ‡®ğŸ‡¹ ğŸ‡ªğŸ‡º ğŸ‡ºğŸ‡¸    ,6
Singapore,10
Sheffield,2
Accra ,1
Accra,1
Madrid - Spain,21
IRT,1
Comunidad de Madrid,12
FÃ¶hren,1
LatinoamÃ©rica,24
global,1
Massachusetts,1
Surrey,2
Lagos & the rest of Earth,1
Miami Beach,6
Shannon,1
BogotÃ¡  - New York  - MÃ©xico,7
Nigeria,11
Canada,11
Dingle,9
Valencia,3
Barrie,1
Global,23
Chicago,17
Sheffield and Lisbon,1
Boise,1
Nottingham,4
Bethesda,1
Plano,1
United States,13
Austin - before that,1
India - Germany - Slovenia,2
Munich,3
Cape Town,1
Wherever I am right now!,1
Madrid - Barcelona,2
Helsinki,3
JHB | CPT | DBN | LON,1
Africa,2
City of London,2
ZÃ¼rich,8
Rio de Janeiro,1
Frankfurt am Main,20
Bayern,1
Munich ğŸ‡©ğŸ‡ª,1
@Minh_Q_Tran,4
Paris / NYC / HK / Cannes,2
Boulogne-Billancourt,2
Hauts-De-France,1
New York,97
Barcelona & Madrid,2
Edinburgh,2
Berne,7
London ,5
Redditch,1
UK & Ireland,1
Shoreditch,5
Brisbane,1
Poole,4
Brighton & Hove,6
International,6
SPAIN,5
Boston,7
Tenafly,1
Nassif El Yazgi Street,1
Paris | Bordeaux | CÃ´te dâ€™Azur,3
Montpellier,2
Contactez-nous 09 77 55 20 33,3
Atlanta,16
Buenos Aires,3
Some Unknown Server,1
Frankfurt,1
South Africa and the World,1
In your book,1
Cambridge MA,1
Washington,6
U.S. and Canada,3
Americas,1
Houston,24
KarlovarskÃ½,1
Charlotte,5
127.0.0.1,1
Tacoronte,3
Den Haag,4
www.euratechnologies.com,3
BogotÃ¡,7
Columbia,1
Port Harcourt,2
Piedmont,1
Malibu,9
Salamanca - A6 - Madrid,2
India,10
Seattle,14
San Diego,7
Bangalore,7
Dallas,4
Almelo,2
DC âœˆï¸ FLA âœˆï¸ NYC âœˆï¸ CALI,1
Penistone,3
Tampa,1
Cuernavaca,4
Mexico,3
Zug,1
North Carolina,1
Portland,2
Ottawa,3
California,6
Greenville,1
Europe  France  Paris,1
Globe,1
Calle Gral. Antonio LeÃ³n,1
Westport,2
Zurich,10
à´•àµ‡à´°à´³à´‚,2
San Francisco,21
San Ramon,2
Stockport,6
Tar Heal State,1
City of Brotherly Love,1
United States of America,25
Chile,1
Germany ,1
MÃ¼nchen,6
Vienna,6
Brussel,1
From Africa to the World,1
Lagos. ,1
Akure. Dublin City,1
Here,1
Southampton,2
omnipresente,1
Zimbabwe,1
ÃœT: 7.495672,1
Belgium,5
Islington,1
Blackheath,3
Portugal,15
Bucharest,2
istanbul,3
warsaw,1
Madrid (ES),1
ğŸ˜‰,1
North East,1
Germany,4
Bonn,5
Nordics,4
US ğŸ‡ºğŸ‡¸ EthiopiağŸ‡ªğŸ‡¹,1
In a data storage,4
Pittsburgh,2
Detroit,2
Stockholm,9
Los Angeles,11
Oakland,2
Bay Area,2
Kolkata,1
Santa Monica,3
Nationwide,1
Easley,5
Nederland,3
United States ,6
noida,1
US,1
#Edinburgh #Manchester #London,2
37 Lower Bridge Street,1
Bernabeu,1
South East,1
ikoyi,1
10317 Berlin,1
Gloucester Place,2
Manchester,13
Uk,2
Ikoyi,1
Anglet,2
C/ San Fernando,5
Bensheim,2
Johannesburg - South Africa,1
Barnsley,1
dubai,1
Bedford,1
Romford,4
#Toronto,1
Chalfont St Peter,3
Schiphol-Rijk,4
Moscow,4
æ—¥æœ¬ æ±äº¬,12
Reutlingen,2
Oxford,2
Vancouver Island,1
Melbourne,7
Japan,2
Palo Alto,5
Palaiseau,1
Tokyo Japan,2
Nantes,3
Dubai,4
Bengaluru,2
Pune,2
æ±äº¬éƒ½æ¸‹è°·åŒº,1
Augsburg,1
A hotel somewhere ,1
Searching for a London home ..,1
Republic of the Philippines,3
Zurich/Dubai/Singapore,4
æ±äº¬éƒ½åƒä»£ç”°åŒºä¸‰ç•ªç”ºï¼•ç•ªåœ°,1
Switzerland,14
Cluj-Napoca,1
Ahmedabad,1
Makati,1
Lund,2
Holmfirth/London,4
Leeds ,4
Toulouse,3
Deutschland,4
Sioux Falls,1
Sydney,6
USA,4
Dresden,1
Network,1
World,2
Luxembourg,5
ÃœT: 48.818676,1
LON | NYC | HKG  | SYD | SIN,2
Australia,3
Houghton Le Spring,1
æ–°å®¿,1
Australia and New Zealand,6
Global Citizen ,1
Austria,5
Czech Republic,1
Israel,1
Milton Keynes / Home Counties,1
Illinois,1
 London / Milton Keynes ,1
Durham,1
Wilmslow,1
Bloemfontein,1
Hong Kong,4
Alicante - EspaÃ±a,1
Social Media,1
HQ in Vienna,4
On the Mississippi,1
NYC / LON / HK,1
Wien,3
DÃ¼sseldorf,2
Cambridge,5
Warrington,1
Tanzania,1
Sweden,13
Italia,7
Brooklyn,3
à¸à¸£à¸¸à¸‡à¹€à¸—à¸à¸¡à¸«à¸²à¸™à¸„à¸£,1
McKinney,2
HQ: Cleveland,4
Peru,1
nuevacomunicaciontiemporeal3.0,1
Stavanger,1
CA- CT- MA- MD- NJ- NY- PA- RI,1
Cary,4
Raleigh,4
Riviera Maya,1
Belvedere,2
SF + SEA + ATX + NY + LON,1
Grasse,1
Lakewood,1
Maryland,3
NYC-ish,1
NYC,2
New Orleans,2
Americas | Asia-Pacific | EMEA,1
Manhattan,4
Rio de janeiro,10
Benin-City,1
New York City,9
Kuwait,3
kuwait,1
0034 Barcelona,1
Greater Seattle ,1
futureoflivingpodcast.com,4
Hyderabad,3
Scottsdale,3
MontrÃ©al,6
Herndon,3
Lyon,2
ğŸŒ ,2
Midsommarkransen,1
Ajax. Ontario Canada,1
Newcastle Upon Tyne,2
Nairobi,2
Kansas City Metro Area,9
Milton Keynes,1
Salt Lake City,1
LONDON / Edinburgh / Oxford,1
digitaldays.rent.immo,35
Cabanatuan,1
Reims,2
Coimbatore,1
Provence-Alpes-CÃ´te d'Azur,1
KÃ¶ln,1
MÃ¶lndal,2
Rennes,14
Palma,1
Cuidad de MÃ©xico,3
Austin,3
West Midlands,3
Nepal (Madhesh & Bagmati),1
Toronto | Miami,2
Carol Stream,1
Piramal School of Leadership,1
Whitehall,1
Iran,1
MÃ¼nster,1
ÃœT: 51.512114,3
MÃ©xico,2
Kampala,1
United Arab Emirates,3
North West,3
A CoruÃ±a,1
Connecticut,2
Wokingham,1
Ridgefield CT,1
Ecuador,4
Vancouver,2
Islamabad,2
Seattle WA,2
CuliacÃ¡n,1
Brooklyn NY,1
London(ish),2
Valencia (Spain),1
gmail:hitsamty,2
Uganda ,1
Dhaka,1
Perth,1
Bournemouth,5
Ciudad AutÃ³noma de Buenos Aire,1
Sverige,3
MÃ¡laga,1
Schweiz,2
London and New Forest,3
Kenilworth,2
Hawally,1
Espoo,1
Silicon Valley,3
Argentina,1
TÃ¼rkiye,1
Sydney (HQ),1
Wiesbaden,1
Bellshill,1
Frankfurt a.M. Germany,1
Miami,7
Paris Opera Meyerbeer bourse,1
Kuipweg 13,1
#CRE Industry,1
Lost in Cyber Space,1
Dominican Republic,1
Hackney,2
Instagram: PropertyReport,2
Kew,3
Glasgow,1
Lima - PerÃº,2
ÃœT: 51.454546,1
Utica,2
Bothell,2
From the Cloud,1
in the cloud ;),1
Remoulins,1
Bordeaux,1
Gurugram,2
Sankt Gallen,1
Tulse Hill,1
United Kingdom & India,2
Doha,1
Asia,1
Somewhere,3
St Albans,1
Yorkshire and The Humber,3
Danmark,1
Cantabria,1
Poland,1
Zug - UnterÃ¤geri,1
Fribourg / Switzerland - Paris / France,1
Ile-de-France,6
Las Rozas de Madrid,1
Bulawayo,1
Levallois-Perret,2
Planet Earth,1
ğŸ‡¨ğŸ‡¦ ,1
App GRATIS Barcelona y Madrid,2
Lower East Side; NYC ,1
Bern,1
Bad HÃ¶nningen,1
ESPAÃ‘A,1
NÃ¼rnberg,2
Calgary,1
Brussels,2
Mohali,1
Palais Brongniart,1
France & Europe (Brussels),1
Caracas,3
Camp Hill,1
Barcelona | Madrid,1
Global ğŸŒ,1
Virginia Beach,1
Windsor,2
italy,1
Kennett Square,1
Kansas City,3
Champaign,1
The Mediterranean,1
Culver City,2
Buffalo,3
Las Vegas,1
The Netherlands,2
London/Boston,1
Johannesburg,3
Mexicana en Alemania,1
Upstate New York,1
Prague,2
Czech republic,1
Seoul,1
Roma,1
Reigate,1
Finland,4
ÃœT: 51.3398532,6
#Biosfera de #Gaia,1
Beijing |Taipei |Dubai |Geneva,3
Delaware,2
Ccs,1
Dar es salaam,1
Strasbourg,3
CÃ´te d'Ivoire,1
MalmÃ¶,2
Lille,2
Rome,2
Ontario,6
Cheltenham,2
Bristol,2
Essen,1
New Jersey,2
Bexhill,1
Orlando,2
BogotÃ¡ - Colombia,1
Denver,5
South Florida,1
Bangladesh,1
Walnut Creek,1
Estuaire,1
Thinkstan,1
Paris ,5
Delhi NCR,1
Honfleur,1
Melbourne & Sydney,5
Maisons-Laffitte,1
Bombay,2
Latam &  Spain + World,1
Cologne,2
Off Shore,1
Russian Federation,3
Matrice,1
London Cambridge International,1
St. Gallen,1
æ±äº¬ ä¸­å¤®åŒº,2
Overland Park,2
æ˜æ—¥,1
Philadelphia,1
Vietnam,2
Kirchberg an der Murr,1
Malaga,2
Guildford,1
Norwalk CT,1
Kuala Lumpur City,1
#PDX,1
Vernon,1
Cincinnati,3
Charlbury,1
Washington DC,1
Phaya Thai,1
Caversham,1
FinistÃ¨re,1
Johns Creek,1
Madrid Â· Sevilla Â· MÃ¡laga,2
Dublin,1
france,4
Herndon VA,1
Sri Lanka,1
Fort Lauderdale,1
Farmingdale,1
Florida,1
Topsham,1
Shirley,2
Texas,1
Long Island City,2
NYC â€¢ Long Island â€¢ Westchester,1
Lenexa,1
Daphne,1
75002 Paris,1
London & Zurich,1
Palermo I CABA I Argentina,1
Greater Philadelphia area,2
Australia & New Zealand,1
Missouri City,1
PanamÃ¡,1
Southern California,2
Reno,1
Canberra,1
Canberra ,1
Internet,2
Montreuil,1
Taunusstein,1
Queensland,1
Elche,1
Stroud,1
Rosenlundsgatan 58,1
Oise,1
Alberta,1
RhÃ´ne-Alpes,2
Vitrolles,1
Paris - France,1
Hong Kong ,1
Belem,1
Maidstone Studios,1
Clermont-Ferrand,1
everywhere else,1
Pakistan,1
Lagos â™¥ï¸Nigeria,1
Ibadan,2
Abuja,2
kwara,1
Grimsby,3
Swirling Vortex of Entropy,1
Federal Capital Territory,1
the place âœˆ ,1
Lekki,1
Switzerland ğŸ‡¨ğŸ‡­,2
ÃœT: 35.211427,1
archonsec.com,1
Gilching,1
At the bosom of Christ Jesus.,1
Fort Worth,1
New City,1
Wichita,1
Into The Badlands,1
Paris - Ile-de-France,1
West Chester,1
Brooklyn--Left Bank of America,4
Milan / Bucharest,1
France entiÃ¨re,1
nigeria,1
Accra-Nairobi-London,1
Community of Madrid,1
Columbus,2
amman-jordan,1
The WWW,1
The 10th Dimension,1
In Christ,1
Global Sustainable Peace Now,1
Montreal,1
Gignac-la-Nerthe,2
Colchester,1
á´Šá´œá´˜Éªá´›á´‡Ê€,1
Valencia. Spain,1
dhaka bangladesh,1
Albenga,1
London Berlin Munich Barcelona,1
Pale Blue Dot,1
Karachi,1
San Salvador,1
Click here ğŸ‘‰,1
Europe,2
DFW,1
Gaborone,1
Kathmandu,1
kochi,1
London/Berlin,3
Across the UK and Ireland,1
Lichfield,1
All over the place ,1
Ebikon,1
India ,1
Lehigh Valley,1
æ±äº¬ æ–‡äº¬åŒº,1
Neuss,1
Sandyford,3
Tokyo,1
ã‚ªãƒ•ã‚£ã‚¹ã«é–¢ã™ã‚‹ãŠæ‚©ã¿ç›¸è«‡ãŠæ°—è»½ã«,1
Freiburg,1
Most Major U.S. Markets,1
ğŸ‡¨ğŸ‡¦ ğŸ‡¬ğŸ‡­,1
Nashville,1
click here ğŸ‘‰ğŸ¼,5
ã‚¤ãƒ³ãƒ‰â†’æ±äº¬,1
NYC Metropolitan Area,1
IG: AsiaRealEstateSummit,2
Philippines,1
Instagram: AsiaPropertyAwards,1
Bangkok,1
Monterrey,1
U.S.A.,1
Pretoria East,1
London & Bournemouth,1
North America,2
Asia Pacific,1
Singapore/Bangalore,1
Online Directory,1
Lyon - Paris,1
Cherry Hill,1
Beijing,1
London & beyond,1
Warszawa,1
Central America,1
962.647,1
SE25,1
Lincoln,1
Living On The Edge,1
Norwich,2
Mendoza,1
In the hollow of His hand,1
Laguna Beach,1
Port Elizabeth,1
BogotÃ¡ D.C ,1
AU,1
æ±äº¬éƒ½,1
Europe (and Israel),1
Del Mar CA,1
here,1
Mostly Brussels; often on a âœˆ,1
Point Place,1
Shanghai,1
Warwickshire,1
Station F,1
Bournemouth & London ,1
Huntsville,1
North West Ireland,2
Netherlands,1
Bayelsa,1
ãƒ•ãƒ©ãƒ³ã‚¹ã€Franceã€,1
France ã€ãƒ•ãƒ©ãƒ³ã‚¹ã€,1
æœ5æ™‚èµ·ãã€VCã®æœã¯æ—©ã„,1
The North,1
Denshaw,1
Paris - London,2
Nationwide Service,1
North,1
Greater Manchester,1
Ilkley,1
Liverpool,1
The Venetian Resort - Las Vega,2
DC Metro area,1
Zora,2
Vaughan,1
Mirfield,1
The Venetian - Las Vegas,1
Rastatt,1
