Mentioned,Freq
estatesit,2
thelandsite,8
reach_au,7
shellitrung,8
terri_nova,5
reach_gb,12
builtworlds,4
ukproptech,222
infabode,6
rebuildexpo,1
proptech_es,1
unitee_io,8
monemprunt,1
ff2iorg,1
austfintech,1
glenfrost,1
bnpparibas,7
fifthwallvc,32
bnppre_fr,6
cybcath,2
stevedawkins888,3
vtuk,8
joincoadjute,27
circulogalicia,18
brainsrenews,19
immoweek,24
onedome,4
abockelm,1
fundsnewsbm,1
bidxone,4
findproperly,1
homegain,1
hey_pillow,1
equityapartment,1
gesvalt,25
navarrotarrega,1
aico_limited,1
homelync,1
revistametros2,1
cbarelles,7
markopav,3
edjmcooke,2
proptechg,6
marketingtbm,2
viviendea,10
re_leased,6
quickbooks,2
realtorbot,2
somosabanca,1
propertydanh,65
ejeprime,17
inversionmadrid,1
antonyslumbers,16
euro_funding,1
cbre_es,6
mallcommapp,52
space4europe,8
prhbrown,1
sandradaza_ds,12
tiko_spain,7
huckletree,1
plentific,38
wires_spain,4
afoatelli,4
realfundtokens,22
google,5
cbreproptech,1
techrelab,4
justretail,1
inmoclip,2
farrellphilip,1
pne1204,1
simon_whale,6
kerfuffleclub,16
construmatbcn,7
techestate_tech,18
redfoundation_,19
andrew_bulmer,1
irpmonline,2
estatesgazette,5
urw_group,3
deepkisas,2
eatoday,8
marianofuentess,2
madrid,3
urw_lab,1
spleetafrica,7
businessdayng,7
gemassmer,12
propelbymipim,16
investortoday,2
tolaadesanmi,6
sparklabsglobal,1
nn_espana,1
setschedule,1
areahq_,1
biz_property,1
beemmofr,50
bordeaux,7
lataminnovacion,4
taitplanning,13
andy_inch1,3
venturescanner,8
xbond49,8
helene_wpli,11
curtisschin,8
enricomolinari,1298
drkierachapman,4
businessimmo,7
prinexre,6
immonexhq,1
yardi,21
snnproperties,3
uli,2
propmodo,41
officeinventory,1
fiixsoftware,1
projectmates,1
cryptoproperty,1
andres_leal7,35
triariilatam,24
betakit,1
buildingminds_,2
youtube,15
risebuildings,3
tractionguest,1
whosonlocation,1
proxyclick,1
finledgernews,6
johnjegan,2
deloitte,16
ft,1
ravikikan,18
oumglobal,1
blocksquare_io,8
blocksquare,7
builtworldcom,3
agenersurrell,2
pastriesandcake,1
gabrieltomescu,1
trioteca,9
badi_es,6
innomads,9
cushwakespain,4
pontos_group,1
realureru,3
sproptech,4
fintechch,13
blockimmo,1
crowdlitoken,1
crowdhouse_ch,1
sleevesupspaces,1
bim2fusedvr,2
alanflan,1
c_fbnn,1
consortium_immo,1
propindeye,7
mandgprof,3
biglelegal,1
travelnest,1
senova_fr,1
danqsal,13
proptechlist,16
renager_,10
ordnancesurvey,2
geovation,3
bldng_pssprt,2
bpifrance,1
ccinantes,1
hautsdefrance,2
galeoimmo,1
mertiumfin,16
thisisinsider,1
monchasseurimmo,1
nice_matin,1
rentgers,2
excellgroup,7
standardaccess,15
medium,4
xavierbertrand,1
damienbrowne,1
lmreproptech,31
inteluk,1
_uberrealestate,6
kristjanbyfield,19
the_depositary,16
proptechcarla,2
aoproptech,29
loveyourassets,14
e4,1
beringarltd,2
ianskip71,1
proptechb,4
kaliti_fr,1
go_iot,15
sofialocks,7
aptoclick,2
dickinslouisa,23
rbelgrave,4
mrisoftware,19
leverton,3
gachvang,1
shelterrworld,1
folhomee,1
fotocasa,12
geodataplus,1
dr_herr,4
d0minicm0rgan,1
villecolombes,5
bic_montpellier,1
sofiagancedo,6
_bricksave,4
anacef,4
webeelife,4
assetsoft,2
wexchange,4
helenoreilly,7
costaruk,2
realla_co,3
colliers_uk,6
techacutecom,3
propertyweek,21
davesheridanceo,1
ilkehomes,1
concretevctech,6
offr_property,6
cateagnew,2
enertiv,13
savills,14
kevtheshed,2
twitter,2
elauwit,20
getmyre,15
realquantumapp,11
nilskok,1
goodwinlaw,2
reveoapp,2
linkedin,18
hiloapp,4
hitachiglobal,4
spaceos_tech,3
iniziar,3
behrtech,14
bruce_katz,1
holtaccelerator,1
_aavisie,1
samoanantes,1
portalwatch,7
skenarios,1
ginmon,1
hermannhauser,1
realtyshares,1
primetimevc,1
ycombinator,1
nihalmehta,1
eniacvc,2
calmenamx,8
haje,1
rentprofile,9
verbtech_co,7
proptechvc,2
interactivevid2,4
jimcramer,1
docusign,1
dandspringer,1
advisor_online,1
robinrivaton,2
idinvest,1
goblueprint,2
_futureproperty,5
geophy,13
venbona_deutsch,1
mfemagazine,2
porchdotcom,3
metapropnyc,33
fabricaland,2
spencerrascoff,1
gaustinallison,1
pacasohomes,3
landhub,1
sarahapaynter,1
useehomes,7
caroltallon,3
courtholsworth,1
treppwire,1
asi_wheels,1
goulstonstorrs,1
themarkethinkmx,1
mudafy_mx,1
dualrebeca,8
inviertis,11
etasimacilik,1
mascususa,1
gospacio,1
compass,1
altusgroup,7
deltaq_io,6
3e_renewables,5
hiveadvisory,10
thirteen_group,2
bigchangeapps,2
baboonlab,1
prop_tech,32
smartspacesapp,9
bogdannicoara86,2
brightspaces3d,2
re2bit1,45
nordichouseny,8
dw_aktuell,2
gdwwohnen,1
keezag,1
iebusiness,1
housingtech,27
lagosrefest,7
drossiter87,1
lubbock_alex,1
keylandcapplc,1
realistico_es,5
ccim,3
psd,1
bcg,4
johette47,1
rigbinoba,10
jmwass,5
rebny,34
connectedremag,11
officialbttn,1
lrfmediagroup,1
homepass,1
openpathsec,5
getxspaced,4
mashable,20
mennolammers,1
mapzot,23
siliconcanals,2
propacad,3
keesmanmatthijs,1
datafloq,2
pitchbook,1
teambimy,1
betterhomesuae,1
martingednyemea,5
cityam,1
ongouk,1
omogbajabiamila,3
bnppre_uk,5
spriftproperty,2
totalview_media,1
capsulecorpstd,2
casavohq,3
brendanfwallace,5
theneg,8
thenewsfunnel,4
trdny,5
fifthwall,1
steph_pbctoday,1
nhsproperty,1
erik_is_online,1
mefintech,2
fintechnewsuae,2
cmspeople,2
atenor_sa,1
owenboswarva,2
hmlandregistry,5
cmhc_ca,1
skylineconf,1
raine_horne,4
jamesdearsley,16
bnppre,5
brigadereap,6
unissu_global,17
reconstructinc,3
aareonukltd,12
frywagner,1
argentassoc,1
teamstowga,1
eiratechrobotic,1
proptechjapan,24
aequius,6
realcommtweet,2
michaelbleby,2
maletaeng,2
faro_hq,2
spinalcom,2
wizzcad,4
mefma,2
kasazcom,1
brilliantread,2
yourownroom,2
getaprao,13
joinajar,6
proptech_bg,8
realbobbybryant,18
womenspioneer,1
pi_labs,20
bekbbcbe,3
sareb,12
qwerteei,2
propertyjourn,6
inspectapp,1
planetsmartcity,15
uktnofficial,3
cubiclease,1
homesearchhq,2
rightsignal1,41
alicanteopen,2
renterbuyer,1
rentplus_uk,1
gatens,2
ryan_tcw,5
elreferente,6
mmworkplace,1
peterknightblog,2
dataloftuk,4
icgapproved,11
antgrasso,50
sensorberg,4
bnewweek,5
proptechbiz,7
moovin_de,2
portalinmonews,7
juchtervbergen,3
annademyre,3
nihsingapore,3
keylivingcan,1
blokable,1
citylinkai,1
mismatica,1
echodynecorp,1
foamspace,1
financialreview,1
informacion_es,2
agenttechfinder,3
axeleo,2
vidaimobiliaria,1
propertyme,1
worktechacademy,1
faisalbutt_,9
assuraplc,5
sprengnetter,2
lucia_clixifix,1
diegobestard,10
rtpi,1
riba,4
keyandeagle,1
mark_forrester,1
arakens,1
ishikennn,1
bim_world,4
resolving,4
spiebatignolles,4
cryptocom,5
regtics,5
hashkeygroup,5
velotrade,5
nuukasolutions,3
discovercretech,16
built_id,17
archilyse,5
bco_nextgen,7
placetech,47
fintechnewshk,4
mxndcorp,6
sesoglobal,3
pereonline,2
bkudamm,2
startingup_mag,2
rheinlandpitch,1
eu_commission,8
cambridgedrone,5
fabienprevots,1
alastria_,3
reeseys,1
ioneruetebbc,2
woonconnect,1
sowebuild,1
inreal_us,1
chouettecopro,1
rentec,1
m_facchinetti,1
avisonyoung,1
amazon,2
lawyermonthly,1
agenciamdi,1
lettingproperty,1
happy_renting,1
latechdubtp,3
debbidimaggio,4
bevhillsreal,1
adam_betta,1
paris_seine_,1
docusignfr,1
allenandbrooks,2
clintjrobinson,1
jgutt,1
colinjamesb,3
eagleeyecloud,1
aim_profit,4
ridyardmike,4
brilliantleader,4
ulstechnology,5
econveyancer,4
digitalmoveuk,5
sharescope,4
rouen,1
hellohowsy,3
benliao,7
colliers,8
techstars,7
joinlane,9
getbooqed,1
thec100,1
marsdd,1
biconnections,1
dribbblejobs,1
smartconnectpr,1
robynbeavers,5
conkers3,1
coflatmate,1
shadowventures,12
propchallenge,21
365connect,10
getflowpath,1
cpexecutive,2
local_logic,4
icelandinny,1
hlynurgudjons,1
btrnews247,2
smartrentdotcom,3
askdossnow,9
engrain,1
apartmentwire,5
renxca,5
expraha,1
franceagricole,1
lemondelenergie,2
revistadinero,2
tonstweetings,1
serge_golubev,1
iamstartacus,15
ileads,381
glenncameron,1
joakimbaage,1
alifrealty,1
ultrait_uk,1
aectechtv,1
eepaul,1
hyresgasterna,3
gigadgets_,27
utrust,67
nadhimzahawi,1
chrispincher,13
fvazquezmedem,5
proptechlatam,18
volkswagen,3
realtechmatters,81
bubble_barrier,3
salonrent,102
snapdocs,6
berkadia,1
transwestern,1
armaninollp,1
newmarkkf,1
claconnect,1
ofimmo,1
naiglobal,3
homeownerslandq,3
mountxcanada,3
david_bernabeu,1
expansioncom,1
citiboxes,1
tobylloyd,1
wearevts,14
nickromito,5
leclozr,2
guygal,1
side_realestate,2
kraln,1
1davidclarke,1
hbuzycazaux,4
fortworthchris,3
aaronnblock,10
zacharyaarons,14
connectedwmag,1
alzatejuanc1,2
m2crowd,1
propertyquants,25
leadoomt,2
okapi_ai,4
yorkshireparr,1
robertjenrick,1
gqsteve,2
jchaven,1
sabrina_golphin,1
ing,3
3gsmartgroup,1
3goffice,2
gospaceai,6
photoilikecom,2
accucities,5
lynettekeyowski,3
mikekmcara,6
eddie_holmes,6
mobiusatwork,10
crecollaborator,1
forochatiberoa1,5
newmark,2
minervites,2
propteche,11
jaypalter,7
realestateearth,9
savvy_lane,9
alejandromurat,1
bostondynamics,1
reply_uk,1
propster_,5
rev_contacto,1
assettisw,6
propertyjourno,3
reapitsoftware,4
inventorybase,18
swissproptech,3
realcubeupdates,1
iproup,2
johannafrelin,1
eddie_hooker,1
simedmalaga,5
indooratlas,9
bizcommunity,1
drasticsummit,9
revizto,1
globalconreview,1
eque2software,1
coconstruct,1
idealista,3
docestate_gmbh,2
konii_de,6
cresuccess,1
re,1
urbanitae,15
intralinks,1
landlordgurus,4
gryphtech,1
omortgage,2
notlcottagerent,2
crystalncjar,2
vecobyeurolink,6
bidx1_es,1
zoop_one,1
alenacci,6
reachcdn,6
meetsetter,3
immomio,1
nobul,7
commo_re,3
resources_eu,1
silvprop,7
vinciimmobilier,1
techwithin,12
immozeitung,3
arkworkrisk,2
tigre_wenrich,3
joyhubapp,4
maxeem_fr,7
radioimmo,7
le_figaro_immo,6
localeltd,8
pattisonoutdoor,1
wef,95
proptechcollect,7
tridel,13
davidsrose,1
evoestate,1
moncera,1
iotproptech,35
aging_freedom,1
alfredodam,11
spanishproptech,2
procoretech,4
dealpath,3
gsproptech,1
modestproposal1,2
anupamknanda,1
studyucem,2
layi4reeal,2
leedsbeckett,1
officialuom,1
ucem_principal,1
gaiaarzilli,2
yomdel,1
callwelllead,1
sell_do,1
roseannalane_,6
thecommsco,5
locateech,2
meilleursagents,2
iovox,1
demandlogicuk,13
oyrsa_es,2
liberkeys,4
ceciliaseveri,2
b_smart_tv,2
asr_podcast,8
byrnehobart,4
snagtracker,3
loandolphinau,3
easyrentweb,3
reallymoving,3
dukelong,2
hausify_digital,1
purrmetrix,1
ziblue,1
harbourco,1
fcivitillo,8
carlosblanco,5
fiware,1
intervalfilms,7
michaelblakey3,1
cocooncapital,1
ellajadebrand,1
zainjaffer,1
explorerdale,4
frenchweb,18
seloger,4
tomrossiter,3
resaas,3
totalityre,3
marcvidalordeig,1
propiti_in,1
kanatonii,1
anouch,1
yogiliman,2
paulwattsestagt,1
mrgreenhomes,1
wirbank,5
josepjorge,4
eastdigital,1
le_partenaire,6
ciscoiot,1
checkpointmf,2
casapuntoit,1
kpmg,2
tcw_01,18
servicesoftuk,7
gemmasutcliffe2,6
clarion_group,1
matterlabco,1
bimobject,1
bolsterdotus,1
oasys_software,1
decoradornet,1
thetimes,1
proptechperth,1
dannoacton,1
le_figaro,10
collabrich,2
cisco,2
prontopiso,2
proptech_lab,5
altovitahomes,3
ing_news,1
spotfolio_news,7
cgicquel,9
finnovatinghub,3
ukparliament,1
buildproptech,5
chrisrohaut,1
codiwork,1
hope_ndhlovu,1
handelsblatt,5
propertytv_io,7
fintechdistrict,4
wesmartpark,9
upbizor,1
icsc,3
harnessdata,1
martin_side,1
tecletuk,2
housfy_es,10
propertyjungle,3
itproportal,1
mhclg,5
urbint,1
congridlive,1
tokeetapp,1
info_inmotek,1
hibirdi,1
ouihop,1
foundamental,2
getunlatch,10
smartfincas,1
thingssandy,8
dr_robert_mayr,1
financeinnov,6
codelitt,5
brightdoor,4
dpaelinck,2
rudyaernoudt,1
ffjoustra,8
leobrufal,3
jillmalandrino,2
nasdaq,2
tradetalks,1
zapbuild,1
ianhgunn,1
millsandreeve,5
wallianceteam,3
100ladrillos,2
construhq,1
homebaseai,2
petscreening,1
proptechuk,4
akazerani,5
pmaassociation,1
blueprintpower,1
ey_us,2
mbalexan,1
sprint_in,2
idgconnect,5
mushman1970,2
leolerach,3
propertysa,1
aroundtheworld,8
skvarekm,2
jakub,2
realpad,3
davidchao,1
shoot_da_spruik,1
craigco62,1
recotechfi,36
nathanwosnack,2
andysaull,2
gretnagateway,1
localtechnews1,1
edozo_uk,1
netlawmedia,3
xkardian,1
motili_tech,1
oc_re,2
witei_es,3
retransform,3
homadata,1
siati_event,4
rmb,1
backboneai,1
comakeit,2
archibus_usa,1
pressrelease_cc,1
fibree_org,1
fibanorg,2
nacioninnovatv,6
chemanieto,7
kiwiki,3
habiteofr,9
etkiyap,1
datschauk,1
ftadviser,1
chemachaques,2
ed_immobilier,1
allenmatkins,9
denholtzre,1
waypointbldg,1
shirlheysanchez,3
getpointy,1
stabeloab,1
fasttac,1
brickspaces,1
inndox,1
mall_iq,1
fintech_global,1
colproptech,11
businessinsider,20
domi_labs,1
ccimwashington,1
kdavisrecontent,2
planhub,3
buildingscities,1
chavarisa,2
passion_4tech,1
epra_realestate,1
neho_ch,1
decideursevent,1
aspim_fr,2
realcareapp1,2
larki_info,2
ecuk_mcr,1
nasa,5
dmpinc,1
bitfurygroup,1
landbayuk,1
_sequoiadb,1
planradar,7
transunion,1
finlocker,1
proptechoutlook,5
mandalore_minh,2
seedfounders,1
osborneclarke,2
oc_conrad,2
welcomework,2
lusinedigitale,4
inside_r3,4
honeywell,15
kpmgfinland,5
forbes,15
homesbywelcome,2
notorightmove,5
rightmove,9
openbrix,5
zoopla,9
onthemarketcom,9
realtynxt,6
previsite,2
boschpalomas,2
taka_cfo,2
squadstackteam,2
stephcaron,1
varunvummidi,1
newfinserv,12
host_lu,1
aurelienjh,1
multifamilybiz,1
bienici,2
dashflowapp,4
bayfieldtrain,6
situs,3
cushwake,3
mikemol16597249,2
stadtzuerich,1
quooda1,3
hutmtp,1
montpellier3m,1
disruptmtp,1
yzerpropertyuae,1
buildersquared,1
ztoragehq,1
spoileralert,1
davbenbass,1
sebastienbrison,1
proptech_cap,5
metropolismag,1
ndahlberg,1
refreshmiami,1
simpsonmarwick,1
uk_caa,1
kognition,2
_viewber,3
fixflo,3
canopyrent,1
artur_in_,3
accelventures,1
movewise,1
andrewackerman,3
helenlcrane,3
apicatalunya,3
aucspace,3
hbwids,1
technori,1
measurableuk,13
caapts,1
proda_ltd,8
latokens,1
chloe_hidigital,4
infos_nutrition,1
dotloop,2
rafasaray,1
canbim,2
roverlabsinc,1
localytics,1
livebyinc,1
hellotars_ai,1
figaro_immo_pro,7
foxtons,1
mightybuildings,1
okta,2
christopherisak,1
luxurydistricts,2
nytimes,9
srerajreddy,3
uliseflorida,1
kwant_ai,2
themiaallday247,2
kmonson,1
berniedevine,1
drorpoleg,7
alswharton,1
athenaalliance,1
cremattsd,2
startupdailyanz,5
ausbiztv,5
launch_ny,2
gcpbid,1
massago,1
tommyshircliff,1
crecarolinas,1
crew_network,1
propertyshe,8
melaniehoole,2
zachfirestone,1
omarketplaces,2
antslabor,2
boomin_uk,1
davidbodamer,1
_adamvv,1
ybfventures,12
dirkaprout,1
particlespacekc,1
clearcastpod,3
lennysan,1
reianational,1
jmlesstartups,1
jayclouse,3
ekhornung,3
nexmeapp,3
particlex_vc,1
simonthomsen,2
thinkers360,2
hubraum,1
proptechpr,4
habiteo,1
bwtechasia,1
sd_bne,1
juwailimited,1
insightsoftware,1
sonneilhomes,1
droneprepuk,5
claire_e_owen,4
nicolasbeuvaden,2
bayut,2
linemetrics,3
resolutionmgt,1
eelptex,1
forvaltarforum1,1
einarmattsson,1
helloartisan,1
habitissimo,1
florencedubern1,2
getflatfair,2
envisite,2
foncia,10
jotasker,4
spotahome,3
syndicenunclic,7
propergandapr,1
nvidia,5
vucity_,25
jll,16
paul_vucity,3
startseoficial,1
innovincompany,3
memoori,28
pocketbuildings,13
vanessaalvarez1,3
boxbrownie_com,1
vanedgecapital,1
relayventures,1
inventusindia,1
launchdesk,1
andygrunwald,1
benedictevans,1
eynews,2
pwc,9
hannytalker,31
primeresi,1
opheliejanus,23
smaksked,23
shicooks,22
kurtuhlir,6
ragusosergio,21
itjob8,1
esabagermany,1
jlltechnologies,4
ilm_jll,1
reviewgeeksite,2
minuthq,3
pdtnotrparis,10
naiop,5
markrosenthal,3
hqoapp,5
adlernotaire,5
pns_notaires,3
novabuild_,2
salon_artibat,2
frenchproptech,13
holalucascom,2
davidrgoldberg,1
daniel_fetner,1
worldofscitech,2
futurism,29
reset_org,2
avislocataire,1
aticcocoworking,2
agenthubltd,1
holobod,1
clickscape,1
upplifttoronto,16
pedromigsilva,1
carmenpanadero,2
bractlet,1
topupconsultant,1
landlordbb,3
constructiongl,3
relextalk,1
inverspot2017,1
bldup,1
cityfunders,1
endvest,1
gpeselogerpro,6
pleccese,2
gerardopaterna,1
andrewnicholls,1
posizionarte,4
debnoller,10
cr8_communities,4
aervision,2
goinglongc,1
strayosai,1
cargosense,1
backstop,1
krish_nagpal,1
joinblossom,3
blogimmo,10
lesechos,1
ayakos153,1
bambuser,1
tellmeplus,1
peeekspower,1
ire_blogs,1
realdynamics,1
advanceagent,1
rd_ventures,2
join_capital,2
bf_techservices,1
crowdestate_eu,2
hvventures,1
picuscap,1
immonot,2
immonotpro,2
ceoe_es,2
ids_housing,4
civicauk,4
excensefr,2
praneelr,2
lumosbusiness,1
_padmagazine,1
letzeiser,1
joinobie,2
jorgeazul,1
amplifierlab,3
yanportimmo,4
journal_agence,2
arthurproptech,2
digitalbauwesen,2
searchflow,2
healyhynes,1
beagel_io,1
cobuildit,2
tolteckapp,2
beyondpricing,2
rentadesk,2
inspectcheck,2
propdistrict,27
gmbhplan4,1
liisamorley,1
ririkot2,2
eihirai,2
ivijayant,1
simplifa,2
cimsoftware,1
biznewscom,2
rupert_f,2
emmanueltackie,1
aliyaramji,1
alasoff,1
sam_or_i,3
tke_americas,2
pisoscom,4
abc_es,1
gurusummit,31
datlasmx,1
properties_easy,2
latchaccess,3
openspaceai,2
ritual_co,1
justmovein_,4
locagestion,4
loveventures_,3
michellekillor1,1
theclassof2020,16
santalucia_imp,2
aquicore,3
logansoya,2
bilanz,2
live4life__,1
quadient_fr,2
mkmrogers,1
arcdox,2
innerhome1,1
sylvain,1
rpt_foundations,1
colony_capital,1
polisag,1
engineerireland,1
slevywebradios,1
fplpoland,1
orbitalwitness,3
sunil_extreme,1
getdoorr,1
cadcrush,2
irishbimcrew,2
cadcaster,1
homeprotect_uk,1
syndicio,1
compassft,1
fnc_inc,1
legal4landlords,1
lucyalexandertv,1
irestify,2
mortonreevesltd,1
laboiteimmo,4
globeandmail,5
i_lofeudo,1
amatemichaux,3
jeanne_massa,3
sophiaaram,1
apex27online,2
nikmilanovic,1
olivierbugette,2
sscarella,28
gialemieux,1
properlyhomes,2
moladi,1
rubenmendozae,2
xpatialec,2
construpositivo,2
proptechmexico,2
trustedlanduk,4
ftq360app,1
petergrantwsj,1
tech_eu,28
anniemusgrove,1
1000wattagency,1
miaandrew,2
conappto,4
lab_sense,1
technodeglobal,1
yonomi,1
metrovacesa,1
fabricecouste,1
spikeglobal,4
mattfowler,2
siliconlux,5
proptechve,4
agilcare,1
corecon,1
matankyrealty,1
syrthea,1
prescientco,1
cretech,3
mopscampaign,3
womenintech,1
justspace7,2
nataliepropy,1
senake,1
medianetbb,1
aisle411,1
mondayre,1
realy,1
development,1
shunn_sakurai,10
downtownbusines,11
thebelfryhotel,8
business,1
dib_chris,7
graveshambc,3
castletontech,4
optimhome,2
leboncoingroupe,2
agencyexpress,1
simondanczuk,1
francoisdidio,1
technopark_zh,2
qarnot,3
quartz,1
qz,2
foundersas,1
cherryventures,1
apple,2
invest_wm,2
nowthisnews,10
eth_en,1
lmarks,1
zodhyaofficial,1
lendesk,1
martyngould,9
conordb,1
barryp,1
noriegagroup,1
yorkshireprops,2
john__stones,1
cioreview,1
rentredi,1
urbestio,6
ubiqis,1
kespry,1
sencorables,1
atlantio,1
coyote_software,17
therednickm,3
proptechperu,1
aifiinc,1
asdweek,2
dsiliconreview,5
microsoft365,1
nkanyiso_mbatha,1
thozamamputa,1
journaldunet,1
plumtreerealty,1
jllhirise,1
meridiancapllc,1
datscha,1
sensortower,2
propertycouncil,2
livingroom_immo,1
sourced_hq,1
intengineering,82
kodit_io,15
camber_creek,2
luzmelia5,7
uscensusbureau,1
immobilier_mki,4
uniladtech,17
insidehousing,3
padoq,4
eu_startups,9
geospin,3
realtid,1
kiradigi,1
vegahouseco,1
nexcubed,5
galliumventures,2
netty_fr,4
venturelab_ch,2
friup,2
fit_fund,2
devigier,2
mobbot_3dp,1
un,1
archdaily,1
infobots4you,1
wewash_gmbh,6
sigosharing,1
cplsoftware,1
blockworxapp,1
heraldscotland,1
karenpeattie,1
hines,1
felizallenl,1
curve_it,2
mysweetimmo,3
raybased_iot,2
utopiaanalytics,1
nelio_matos,4
ourreclaim,1
hometimeaus,1
visualcap,26
earlybirdvc,1
notarize,2
adobe,2
narreach,17
inventoryhive,9
berlinvc,4
raeeschowdhury,9
revoltventures,4
siftedeu,13
official_nomadx,1
kitchlug,1
doorman4mobile,2
wildbit,1
mica_homki,1
daylightdensity,1
campizo_in,1
aaschapiro,1
kblancov,1
baininsights,1
culdesac,1
cta_tcs_hk,1
camscanner,1
lassocrm,1
waygum,1
vitolae,2
network_easy,2
cbinsights,34
coastalrisk,1
carlmuhlstein,1
tour24now,2
resostandards,6
icrowdhouse,2
bmpsa,1
coassets,1
freogroup,1
irei_inc,1
raizers,1
dortechnologies,2
socrata,2
betterplaceapp,2
qriously,2
fusionbim,2
allthingsdigit4,1
huwdraper,1
generalcasa,1
techpointdotng,10
_pandaloc,1
voicescape_hc,7
londonceclub,1
vitrinemediafr,2
pankajbansalm3m,2
m3mindiapvtltd,2
amcaserodano,1
monbuilding,2
hubgrade,1
fintec,1
smartgagelive,1
romaincartier1,1
kianejatian,3
harbrimah,3
nifemeah,1
amickelsson,2
kvkl_ry,1
street_platform,3
ingridzemor,1
aveltys,1
erick_cala,2
cyphercoders,1
prasanthsr,1
le_parisien,2
propertyr,13
fabian_ebeling,2
stopspyingny,2
tazgezwitscher,3
metr_bms,1
epicgames,1
unrealengine,1
itsbimupnorth,2
gustavozanotto,2
htai_hessen,3
geracaoalpha1,1
cmsemakula1,1
habitat4uganda,1
uhocuhousing,1
hubitation,3
expo_negocios,1
3colonnes,1
psicologajosfi,1
carlottasini,1
whistic_inc,1
emergencecap,1
zoom_us,1
ianstronge,1
airbnbandchill,1
managerplus,1
wasi_co,2
peabodyldn,3
nhghousing,2
lqhomesmatter,4
naahq,2
alleywatch,5
torontostoreys,1
habi_co_,4
forumtechnot,5
jessiealbam,1
ptxtech,1
jenhmanuel,1
spaceflowapp,3
tweetsbyeddy,28
seeker,23
tripartio,1
fmd_magazine,1
theworldofat,2
annvanner,1
nordkapa,2
bisnow,3
kayocloud,2
bayareawriter,2
spectresoftware,1
marketlinxltd,1
magnus_s,8
cbre_india,1
consortoglobal,1
karinemahieux,3
nhoodscout,1
123makler,1
assessre,1
placemeter,1
hbh_hq,1
aarnih,4
corpgovuk,1
yourstoryco,1
utily_fr,1
bcnacces,1
_villadim,1
petewargent,1
wilco_startup,8
vanirez,3
johfue,3
aedifion,3
startup_valley,3
parvez1,1
ops_property,6
opinion_system,2
edgenext,1
bitstonecap,2
oliviermarin1,1
lexrodba,1
rprealtyplus,1
pemagazine,1
notairesdeparis,5
estiejp,1
smarthomediy,1
innerhome,2
puninda,1
stbaker,1
harrimajala,1
groupbuilder3d,1
zenreach,1
parsablehq,1
pronetcre,1
loxone,1
osre1,1
johnodea8,1
pepitebeelys,1
searchacumen,3
urbanlivfest,1
cincodiascom,3
immo_capital,1
opendoor,3
isonnysood,1
deliverboss,1
startuptickerch,1
neom,3
cmtoday_mag,3
frankfurtvalley,2
majogarciadoce,1
juanalvarezilus,1
klyeonfire,2
landlord_invest,1
madronaventures,1
360cp,1
ivp,1
eloa_i_o,16
aileenagrant,1
businesstimeszw,1
albertogaruccio,19
geoplacellp,1
groupeapril,4
bancagenerali,2
avaibook,2
wiseed,2
villedurable,6
paris_and_co,7
wecity_io,4
builtworld,1
portalapi_cat,1
inli_officiel,5
tokenysolutions,3
jcboccongibod,2
tomonetworksinc,2
danieluriol,1
capitecbanksa,3
propertywheel,2
whiteiain,1
wsj,2
bradgreiwe,2
bclouduk,2
tenancydeposits,2
vergesense,3
netheos,1
placechangers,1
naomitimperley,1
_botletter,1
imprevinc,1
recubikds,1
alive,1
tweak_official,1
ezeep,1
la_today,2
koproo_bi,5
jessinblue,2
techdotlondon,2
dinoatwork,4
ugaatbouwen,1
showhouse_,1
travauxcom,1
propertywire,1
livethemodalife,3
jasonfmclennan,1
mclennan_design,1
nhl,1
climatepledgewa,1
emmalunn,3
srinaldi,1
henrypryor,1
emilyw_9,4
newslandlords,2
petaltweets,1
comuniza,1
idealista_it,4
cahf_africa,2
jose,1
ren_kap,4
crowdpropertyuk,277
joanclos,2
asval_asoc,2
edsblack,1
p2pmoneyshop,2
qover,1
guestready,1
geomniuk,6
nyserda,7
conciergeplus,3
fredcassano,1
angiekdonati,2
avalonbay,1
ines,1
_butterflymx,2
techinasia,4
centurylink,1
realtech_nz,1
rebones,1
moovshack,1
trustmeblockchn,3
blochchain,1
ronald_vanloon,14
villedenice,3
barbourabi,2
dotgis_corp,2
cherrecore,4
danwilsoncraw,1
latamproptech,4
bhohner,1
paulg,1
roelof_opperman,1
howardhughesco,1
adi_mexico,1
laramargroup,1
bluescopeaus,1
zealots,5
getyourpro,1
copromatic,1
landlordstation,1
tbarbarnett,1
cms_law,4
keronen_j,1
maripantsar,1
tiinakaho,2
perttikorhonen,1
kaisamirjam,1
mattikahra,1
hsoimakallio,1
startupselfieco,7
rkhodadadian,2
igloohomeco,2
davidbowiework,1
smartexpose,1
getlandinsight,1
designmarket_fr,1
kristamarks,1
tflsmy,1
mdgarchitects,1
manifestconsult,1
funmooc,1
edwardwagoner,3
foundersfactory,2
the_lhoft,1
proptech1,19
ensoconnect,1
bulldozair,2
digitalgemacht,2
iqspot,5
enogrid,5
neutral_it,5
moffi_io,5
fluicity,5
nielsen_concept,5
smarthab,5
vpagnon,4
_silentspace_,4
intheknow,10
plasticroad_kws,11
retailweek,1
bossanova,1
prayasanalytics,1
motionloft,1
dbctokyo,6
peleg_doron,1
philbathols,1
jeffcook600,1
todocrowd,1
uli_turkey,1
housellcom,2
switchhq,8
ttschammler,6
jllgermany,3
alex_grellier,1
refi_europe,1
capitalradiob,3
rendity,5
leinadzet,5
dezrezsoftware,2
_smartify,7
flexsa,4
twentyci,2
theukaa,9
tyltoapp,2
autocarta,3
veroparellada,1
deutschepostdhl,8
calroo1,1
ferranfont,1
businessthedeep,3
davehirschman,1
mourocapital,11
saninnoventures,2
builtin,1
greengensol,3
bancosantander,1
clikalia_,8
patorojasabalos,1
notas_qroo,1
fintech_germany,2
sharplaunch,1
swhitey92,1
altosoftware,1
propertyfileuk,1
tomthemap,1
bev_tyrrell,1
ecs_ltd_uk,1
jeffsolin,1
finextra,1
homespotter,1
chineduhova,1
edwinwarfield,1
raulalonsoenred,1
dockser,1
dockjad,1
marksclaire,1
vendoralley,1
lonjademedellin,1
carrproperties,2
mathiasflattin,1
axeleocapital,1
fer_cascos,1
eventotedi2020,9
naiopsfba,1
how_to_web,2
welmo_fr,1
ampcapital,3
proptechnl,1
proptechasia,1
rewithshelley,1
adaptlaw,1
stuartforsdike,1
mason_frank,1
salesforce,1
brigittedaniel,1
chariotsolution,1
pluriaco,1
charleswarnock,1
vchodder,1
reitium,9
reeftechnology,4
sappley,1
cbre,1
fin_revolution,2
mubadala,2
cambridgealtfin,1
virginhyperloop,1
samerabdin,2
proptechcapital,1
theiet,1
thepropangel,1
immobilo,1
casaseneleste,1
flatfoxapp,1
robertakropp,1
startuprad_io,3
kakayy,1
proprioo_fr,1
helloalfred,1
clconveyancers,1
krlozanov,2
reinno_io,1
ep_makers,1
eliott_godet,5
kadran_immo,3
forbescolombia,2
homeflexafrica,1
samsung,2
mybackyard_prop,1
holidu,1
resnet_evolved,1
precioviviendas,1
goingparabolic,1
resievent,1
ecf_research,1
squawkcnbc,6
noovarealty,1
accenta_ai,1
vsfromcrisis,10
mmcabogados_rd,1
quaremcre,1
megalytics,1
calverapartners,1
nairealvest,1
swissci,1
daviddoughty,10
reveldes_vdv,3
caring_mobile,2
najoumy,3
fintech_futures,1
smartzoneie,3
allwork_space,2
tpxexchange,2
mynetpx,2
cibseawards,2
nlalondon,2
machine_ml,1
nbcnewyork,1
politicony,1
twentyea,1
engineshed_bb,2
ark_architects,4
svefast,1
nyteknik,1
dagensindustri,1
dagenssamhalle,1
fastighetsv,1
salforduni_spd,2
zalando,4
josecaparroso,3
lahauscom,17
goodnewsfinland,3
beinsomniacs,1
mhisc,1
nulivinghomes,1
lemonkeyspain,1
ikimo9,1
glideuk,1
gigderorg,1
disruptivetech_,1
jllspark,1
r_kankaanpaa,1
itkeymedia,1
batimateck,1
homespulse,2
cbre_birmingham,2
nickw842l,2
cbre_ni,1
cbremultifamily,1
serafinvestor,1
dalewwilkinson,1
davidlabrams,1
semtechcorp,2
loraalliance,2
europe1,3
latamlist,1
rebeccaayers234,1
sprucecrew,1
gigdayco,1
pointinside,1
bco_uk,3
gabmcmillan,4
b6realestate,4
sprucehq,1
lauramfortey,1
maryannazevedo,1
pucp,4
b2btail,2
cvtplastics,1
thejenweg,1
relnetworkltd,1
tishmanspeyer,1
patrizia_news,1
airworksus,1
tenanttracker,1
coyoteoli,3
theregistrysf,1
bimforumve,1
adphuk,1
allenaustin360,1
itslaurenyvonne,1
commobserver,4
cityamclub,1
realbilldeegan,1
ronleshnower,1
wmfhapts,1
baenegocios,1
reseaucapital,1
voiceofproperty,1
rlbamericas,1
unhabitat,4
eod92e0,1
netatmo,1
amopenhouse,1
homie_rent,1
mgissues,1
mprox_co,1
cherchemonnid,1
nordicproptech,1
orchardsystems,2
housingpartner5,1
vikey_official,1
brickowner,24
fintastico_com,4
carlosolmos_arq,4
udataanalytics,4
workinstartups,12
ariteman,5
ed_mead,5
ryderanddutton,3
planonsoftware,3
softwaregestim,1
robert_may_,2
zenhomes,1
reengen,1
wiredscore,3
wpnewton,1
homeht_,1
getofficeapp,2
nyholt,1
work_brick,2
aareal,1
hypervisible,6
dailymail,3
jmanooch,1
dayle_design,1
cover_genius,1
israelinmexico,3
arj_shiv,2
samnowa,2
alexmultifamily,2
bloomvp_,1
sydreyfrank_,2
lanuproptech,3
gregandrewshp,1
hbitsplatform,6
robgrace123,1
xmlcombined,1
realtyjuggler,1
onsitecrm,1
casasoft_ch,1
realtyna,1
dailyre,1
profgalloway,1
brianrequarth,1
peteflint,1
nfx,1
jamescurrier,1
raconteur,35
en_obra,1
singularve,1
easypathbv,1
enetronx,1
urban_splash,1
tombloxhammbe,1
betamoroney,6
fastbuilt,4
balsall_estates,1
tenantresource,1
uproptech,3
thesustaindaily,1
iam__network,3
virtualapt,2
menorcaproperty,1
fintaxdude,1
mckinneyrealty,1
cadisainc,1
quangduylam,1
machinelearntec,1
42interactive,1
housejoyindia,1
louerunepiscine,1
paulfrainer,1
realtechsoul,1
siorglobal,1
hugovenancio_,1
paranssolarligh,2
planon_fr,1
oregonsfox,1
junglestv,1
eyetrax,1
streetadvisorus,1
monexion,1
redolarb,1
saraorrarua,1
lavanguardia,1
jimmygoogoo,1
thedigitalhub,1
ihouseu,1
mashstartup,1
dejanjovicevic,2
lee_wilkinson2,3
tidyint,2
measurence,1
myphotoagency_,1
lerinsvarela,1
rachel_burdis,1
danmcdonough,2
stefanoschen,1
infrashares,1
zdsf_,1
jasonjalves,1
moseskagan,1
stephen_recept,1
drewmeyers,1
jeffturner,2
resourcecre,1
gartner,1
pingan_group,1
raindeocampo,1
onerooftop,1
frstcommunities,1
otto_elsevyf,1
kerfuffle,2
tenna_co,1
envoythere,2
obs_commedia,1
javirosell,1
leaserapm,1
dealiuscre,1
punchlistusa,1
earnnestapp,1
cartofront_,1
nardotrealtor,7
industrioushq,1
diconnexgmbh,1
mpzalac,2
hyperlocallinda,5
natalie_record,1
walulel,1
digisharesdk,7
your_mortgage,1
zingmortgages,1
cloudvirga,1
mbamortgage,1
rhove_rent,4
techohiogov,3
agentossoftware,1
steveaitke,1
beegold07,1
squarefeetai,2
horaciowerner_,2
ucomillas,1
markilemons,1
brikkapp,1
seedstars,2
socialsmktg,3
mobysoft,8
thieslindenthal,1
samdebord,4
sayrhino,1
psarva,1
cleantechcommon,9
felicitemoorman,2
carlosrousseau,5
branchtechno,1
robertstark71,1
opcatrusted,1
crosslinkerai,1
pclconstruction,14
propre_japan,1
massimoguerrini,2
deplace_es,4
libeensmart,2
ubitquity_io,1
sean_t_miller,2
bchomeowner,1
onhomeowner,1
arniegess,1
abhomeowner,1
join_nada,3
cnwtechnology,2
autodesku,12
get_tech_,16
ncircletech,12
autodeskforge,6
midi2i,1
easy_branches,1
disruptiveasia,1
industrydive,1
dataverify,1
trendingtopicsa,1
womeninproptech,9
ziticity,8
dancerbus,8
easy_property,4
exp_startup,1
giraffe360,28
mikusopelts,3
techhub,3
fornova,1
rangeforce,4
thedashbird,4
paladincap,3
homyspace,10
encomendavc,7
angelmayoral,1
idwell3,1
fintech_live,2
kpmg_canada,1
sogoodlord,8
creditkudos,8
openbankingexpo,2
techcrunch,2
sohear,2
spacemaker_ai,31
didigital_se,2
aislingfinnn,1
speedinvest,2
macegroup,1
alex_h_griffin,8
savillsaus,2
rocketspace,1
inwiber,1
capitalpilot,1
worksetting,1
changeventures,7
voonbenny,1
eriklundesgaard,1
evarley,2
msellebraten,1
autodesk,5
ulrika_steiner,1
luxurytopvillas,2
sgantchev,2
julienwatry,1
pennylanecompta,1
shakerhq,3
mikebristow,8
lbs,6
michael_tobin_,2
dc_byte,2
comboca_,2
gumroad,1
owain_morgan,3
gewerbequadrat,4
anabodeapp,2
nuveeninv,4
gulfbusiness,1
berkeleylabeta,3
berkeleylab,1
betterbldgsdoe,1
nomoko_world,1
rock_verena,2
siliconvikings,7
proptechsociety,1
quadrilatere_02,1
sensorsuite,3
targomo,1
atomico,2
plannedgrocery,1
autodeskrevit,1
waslgroup,1
quantumlisting,1
airbnbautomated,1
hover3d,5
vsankaran,3
rti_intl,1
sapdach,2
pricehubble,2
ag_evana,2
sirajkhaliq,1
fdestin,1
chris_c_lucas,2
hdlf,1
fintech,1
skydeck_cal,1
digitaltrends,8
rediq,2
raceforward,1
oxagile,1
tcar,1
loeizbourdic,4
kylebernhardt,3
highalpha,1
laurenkolodny,2
ielielsepulchro,1
immomatin,8
homezada,1
mapicworld,1
leisurup,1
mipimworld,2
mjpartridge1,3
wimsconsulting,6
skyfoundry,2
financialit_net,1
davincipayments,1
t3_sixty,5
plato_data,1
swisstech,1
rodrisanzrios,14
jdylanevans,2
stratisiot,3
instarentoz,1
hoxtonventures,1
launchub,1
finlandny,1
microsoft,8
aispacefactory,4
mfinsiders,1
wgi3dmedia,1
aceofsams,1
francisbis,1
rcarpintier,1
martinvars,1
fodor,1
mrjohnhjones,1
seunkolajide,2
eibiih,2
chaosarchitects,5
nataliar_rincon,5
dr_rodcastro,4
ricsnews,2
jkavanagh99,2
knightfrank,2
geospatialc,4
paulunger,2
tayo_software,1
bis_infotech,1
hyperrealestate,1
urbgeog,1
trumediatweet,1
tlgrafik,1
bioconnect,1
removables,1
kknetky,1
thebrokerlist,1
markusweigold,3
martinpietzonka,4
animus_app,3
riikkasievanen,2
buildots,1
itsashleighhyo,4
spintly2,1
rohin_parkar,1
bigmanderson,3
pmkieu,1
viviendadeprisa,1
roundhillvc,18
projectetopia,4
helloltr,4
drees_sommer,2
metricsafrica,1
jecoupe,1
thehomelike,1
colliers_spain,1
inmovilla,2
domotica_cedom,1
getforsite,1
fiabcifrance,1
alkemyenviron,1
onyxsolar,1
crowdaiinc,1
distriartisan,1
vonovia_se,3
ga_recruit,5
collierscanada,2
kimcorealty,1
shamalcomms,1
klausfreiberg,4
technology,2
e4tweets,1
lodess,1
brivoinc,2
mon_immeuble,1
svantill,1
baobabinsights,1
crowdfundnews,1
zuulkitchens,2
esrtsocial,2
empirestatebldg,2
agritecture,2
marielebrahimi,1
iwgplc_,3
shootingstar_uk,1
lg,1
envoytech,1
shell,1
goodyear,1
vishernandez,1
resideliacom,1
realestate_cb,1
joscebrian1,1
pat_manager,1
willandwalt,1
mindspaceme,1
workaroundswe,1
fora_space,1
gnfocus,2
smsspeedway,3
merkleiz,2
argussoftware,1
colouree,3
youreka_io,1
stenprop_mli,9
tbluk,1
sapiencecomms,1
globalxuk,1
hbreavisuk,5
gpe_plc,7
baseproperty,5
kirstybutcher,4
altusgroupuk,2
matterport,6
coyotejohnnie,2
coyoteandy,2
sensat_ai,2
dtrafelet,1
e2exchange,1
haysmacintyre,3
cmlitster,2
sopochkina,1
alexedds_,1
retrofitmag,1
dpcrocker,1
connectcre,2
mikelechavarren,1
we_complete,2
israelintoronto,4
barclays,1
weiszm,1
benmillerise,1
propertyawards,11
payappssoftware,1
zuuseglobal,1
robin_daniels,1
popielaneta,1
volvo,6
yishai,1
chelimin,1
propertyradar,4
thestacksapp,2
kohler,4
kitchens_centre,1
villageglobal,1
myobligo,2
eric_touchard,1
fabiengrandadam,1
ibuild_global,1
rimarketplace,1
prelios,7
bwbusinessworld,1
polishforums,1
viastudios,1
thenewsminute,1
good2rent,1
tenantturner,1
erinfox28076996,1
jmyang1976,1
hardware_club,1
joinstationf,1
josermorente,1
optushomes,1
estate_guru,2
loogic_com,1
giasurveyors,1
prop_folio,1
hosman,1
hammersonplc,2
stef_w,4
proptechs,2
proptechf,5
blickrothenberg,5
thinksmartgrids,2
olliparkkonen,2
rs_pande,1
vouchcouk,3
getmyreposit,2
lendlord3,6
swyftpro,1
4_walls,1
solves,1
andyabramson,2
getequiem,10
hemnet,2
innfin,1
samuelgil,2
wunderagent,1
caarenews,1
buyercurious,1
gridedgeltd,4
ftipropcomms,1
vvitell,6
egain,4
biret,8
energiahelen,3
robertburko,1
elitedigitalca,1
reim_sa,3
3dcityscapes,1
1_valet,4
mishcon_de_reya,2
betadigitalltd,4
_wemaintain,2
robbould,1
charliewade10,1
mojri,5
antennaspaces,1
firstonsite,3
vaboorewards,3
payprop,1
axa_xl,3
_loftuk,1
abujaihs,5
arosoftware,1
shopventory,1
hellotech,1
retail_leader,1
flyingeze,2
hollis_global,4
innovasjonnorge,1
gsagnes,2
zschwarz,1
open_finance_20,1
snclavalin,1
avangrid,1
basking_io,1
safetycodesab,2
425business,1
techfast50,14
foxtrotwriting,1
revvis3d,1
stoonlibrary,1
cityofvictoria,1
inn_tweets,1
ic_comms,1
thenbs,2
theb1m,2
thejusticedept,1
jamespellatt,1
whoomies,2
laurendannay,1
annieiseating,1
lgim,3
laniar,1
bgis_na,7
cadfairview,7
carmaindustries,2
tca_connect,2
boma_toronto,3
ryanfarmer,1
realtormag,1
marilynwilson,1
creproptech,1
gomarquesini,2
caba_news,1
dominos,1
curbiohq,2
dc_inno,1
brisbane_eda,4
iholmyrd,4
mickydel,1
empowercity,4
ultrascankpo,1
connected,1
brisbusinesshub,5
naesconews,1
t3sixty,3
cityscapemena,1
terimeacham,1
geoffgourley,2
baltbizonline,1
israelinjapan,1
peruproptech,1
norceresearch,1
bimworld_de,1
larssommerer,1
surgacentral,1
espressocap,1
unlockbc,1
corestate_group,1
amitbwadhwani,1
watermanaged,1
pmprouk,2
loudspring,1
garethrdavid,1
propertyinsidr,2
madeinamericaco,1
fredkelly,1
acreproperties,2
xtaggroup,11
migros,2
netzwoche,1
teamlorrainem,2
elkstonepartner,2
wemaintain,2
williswee,1
corp_vision,2
anith,1
ignitesportuk,1
iqsolutions,1
ipropertyradio,3
pinkchilliapp,3
jgmullor,1
property_news_,1
jiwall_immo,1
evareium_ito,1
sitecompli,1
atlasx_,1
malmcc,1
doctor_photo,1
connecthomesus,1
blinctenantref,2
eisoxcompany,2
dctr_marketing,6
nesteggrent,2
businesswire,1
statestitle,3
chenthi65234467,1
finsmes,1
dreamit,3
hydeparkangels,1
bonfireventures,1
passivelogic,1
suffolkbuilds,1
mujerescarrera1,1
relogix,1
ibm,1
kerstinleitel,1
lucreciaaldao,1
fincacortesin,6
europeantouretd,2
microsoftcanada,2
proptechacademy,2
yaeltamar,2
argenelec,1
techcitynews,2
nido_student,3
studentroostuk,3
paris,11
imperialcollege,3
chapterlondon,3
makeurmove,1
simplespaceau,1
burostation,1
spaceshackco,1
mcs_nv,1
spacehqinc,1
gruenderszene,3
pfreblog,1
harlanbrumm,1
garrytan,1
bradsling,1
infonavit,1
fovissstemx,1
aprslo,1
founder_startup,1
attestis,10
gaellecloarec,5
zillow,8
knockdotcom,1
redfin,8
offerpad,1
resonai_xr,1
innovateguelph,3
flyingsardar,3
75f_io,3
latribunepaca,10
rldi_lamy,4
facebook,2
svcimpact,5
marvinstone,3
elmundoes,1
cicadainnov,1
cribsee1,1
sca_presidencia,4
blakeluse,1
wondrwall,1
esubinc,1
keepsite,1
elixirdigitaluk,1
sophiantipolis,4
lettingschris,5
vertalo_,1
safe4s,1
cocoon,1
lightspeedvp,1
tradewithisrael,1
keepabrolling,1
doug_schweitzer,1
bodecanada,1
waitwell2,1
integradata,1
neuraura,1
innotechcollege,1
seeo2,1
ucalgary,1
luisesilvam,1
accelerator_ffm,1
lenda,1
mortgagehippo,1
tr_software,1
holouae,1
zwave_alliance,1
mbimybigidea,1
latribune,1
gunn_associates,1
bettercallfigs,1
flair3d,6
hubutopia,5
vrlabmy,1
vimarketdotcom,1
koma_guru,1
aerotain,1
techburstasia,25
medoublekay,1
h0tpropertydeal,1
nishlislm,13
oluskayacan,1
crasingapore,12
proptechswiss,2
crowdcube,1
vidzit,1
coworkify,1
bcfventures,1
jomalagon,1
lunadavid,1
laverdecaro,1
cgi_strategies,1
realvectors,1
realiquidity,1
retcon_usa,2
vivanuncios,1
inmobiliare,4
israelmoskovitz,1
katareya2006,1
julianacarmonag,2
gregoraschmidt,1
launchpad_wsu,2
thecostargroup,4
homesnap,4
cavmaxuae,1
israelinnz,2
eventbrite,1
wamdame,1
inst_apartment,1
depisoenpiso,1
wohnung_jetzt,1
mitula_es,1
andyauctioneer,2
market,2
thisweekinfm,1
techmarketview,3
ianzeuss,1
cityoflondon,1
rentbunk,1
scottpilgrimltd,3
getdotbot,1
alainwanderings,1
big5exhibition,1
finchcapital,1
esmiddleeast,1
gleensite,1
africaproptech,1
snappii_app,1
ap4projects,1
vesaharju,3
thestartupsmag,2
landmarkuk,1
spacewell_hq,2
mouneer,1
helen_ventures,1
projectark3,2
salondesmaires,1
joinenterprise,1
airbnb,1
betterdotcom,1
everknockhq,2
xavierpullen,1
ruffenacapital,1
plentificde,2
israelindenmark,1
crisis_uk,14
futurexglobal,12
procrastwittear,1
aperturacom,1
mcmaklerde,1
targetglobalvc,1
asbcouncil,3
makepivot,1
fatmacys,1
yearhere,1
legorburoc,1
josegarciacabal,1
prop_partner,1
thehousecrowd,1
find_and_fund,1
squarexplatform,1
impactsummit_,1
mariodeniro,1
jaretos,1
rofubra,1
appelyssa,1
forumvirium,1
e_locations,2
marccriebe,2
maybetech,2
daninnes,1
afriqueitnews,2
qaunainm,1
moctardiop3,1
rhumbix,1
crypto_edstark,1
dominicpenaloza,1
hstaff1,1
homepalit,1
svb_financial,2
trevorsumner,1
antlerglobal,1
aprillabsai,3
taylorlorenz,1
businessbarista,1
chrishazelton8,1
agoracom,3
pypestream,1
builtrobotics,3
propcision,1
hostnfly,1
qandorclub,2
deloittelu,1
resi_peoplepro,1
techlabslondon,1
ravenht,1
hosman_co,1
markus_miller,1
theparlreview,1
businessgreen,7
dan_williams10,6
facilioinc,3
belimo,3
propertyeu,1
galleryhoteles,1
futuregov,4
residently,4
tree_digit_fact,2
tomcopley,5
innovateuk,1
_kejk,2
heyhomehero,2
studioegretwest,1
djfullerwatts,9
digitallplantec,2
_yutochiba,3
phatechnology,1
magazinecapital,4
fionailly,1
enissliti,3
sonos,1
cameglobal,1
passthekeysuk,1
embue,1
getgenea,1
wwf,1
euratechnologie,3
justmoveestates,1
nakisainc,5
popuphouse_,1
brickmortarvc,1
rld_real_cpr,1
who,9
howmuch_net,53
how_sustainable,4
gregisenberg,1
flownform,10
homeswitht,1
tenantbase,2
losandesdiario,1
brokerpaschal,1
digiplanningsg,1
scotgov,1
theoceancleanup,19
iam__niva,2
cheddar,29
arlenenewbigg,1
yuhelenyu,1
techgenii,3
silvanforster,1
thesqft,4
constructconnx,2
ejerrah,1
jdsupra,2
macquarie,4
eosiodetroit,1
asiatechdaily,3
inmanandrea,1
diegomolanovega,1
officialbeeapp,1
wefunder,1
coworkingspain,2
tapu_com,3
iamdustinallan,1
weareintro,3
roomdig,1
venuseit,1
summit_real,1
fast,1
bewealthi,1
eurofincasbcn,2
switchwithtickd,2
townmore_,1
lejerneslo,1
ejendomdk,1
barnethomes,1
totalmobile,1
twinview_,4
mikalsoe,1
mortenmarott,1
stineskov,1
cpcatapult,1
loicdeffains,2
mayordomolocker,1
theshiftpr0ject,1
euromilanospa,5
anthonywalker07,1
yousefshawarbeh,1
gamtweets,1
iqeq_group,1
icmaonline,2
holodeckvr,2
theconstructvr,2
viality,2
istaging,2
sureshrukman,1
bisnoweurope,1
rvp,1
7gtech,1
5gaiot,1
c4isrt,1
iotcommunity,1
ellieb1203,1
fabcoach,1
trust_housing,6
propetly,1
munich_startup,1
p2pempire,1
operanceapp,2
salomonoli,1
home_made_ltd,4
theelectrichub,1
plusoffices,16
pradeeprao_,6
talkingtech_cc,1
vrcollab,1
builk,1
loekonline,1
everreal_gmbh,1
stackestimating,1
rentuos,1
badi,1
aldahotels,1
bhotelsresorts,1
luis_itoflores,1
rtpiplanners,1
simaexpo,1
damianwild,1
nodal_view,4
jeanperlaza,1
arkdiaco,1
ingmedia,5
virtuality,8
mlcio_deeppixel,1
housebuildpro,3
conorrobbins3,1
michekilloran,2
starryinternet,1
indsrconsulting,1
immovativ_gmbh,1
impacteo,1
bezonia_live,1
nson_legend,1
bolsacaracas,1
can_coa,1
earthsharing,1
marilynlistens,1
30seconds_media,1
industrialistau,1
murraybirrelluk,2
fauemma,1
movinghub,1
pexa_australia,1
_humanatwork,1
santiagopinzong,3
solano,3
jolerestrepo,3
mauriciojaramil,3
emiliarestrepo,3
josecarlostecno,3
ddbourne,3
maurotov,3
papernest_app,2
tachouhoner,1
japan_reic,1
storage2cowork,1
impactotic,2
tophapinc,1
teamcotedazur,4
famcapital,2
sibiyar2,1
proshunctoi,1
chook1110,1
mediaitb,1
zenecosystems,1
seucondominio,1
emaintx3,1
notiplus_live,1
ubach_utermoehl,1
proptechbooster,2
techemde,1
teknogadyet,1
anafricanfuture,8
investbamboo,8
eliteagentmag,3
podfintech,1
christianfaes,1
endowcapital,6
ouredenlife,7
businesslondon,1
spacegrouprob,1
realproptech,1
bsi_uk,1
nilsant,1
_blaenk,1
capitaplc,1
mhshomes,1
rbhousing,1
proptechreviews,1
hrnews_de,1
doorbird,1
nucliovb,1
oxfordsbs,2
tsgltd,1
chphomes,1
loreburnha,1
selwoodhousing,1
homeloc,1
ahpfund,1
leasequery,1
lumoinhq,1
enevo,1
ecommission,1
dfa_analyst,1
defiauctions,78
bscswapprotocol,78
yield_field_1,76
helpthemove,1
hoffice_nu,1
movebubble,1
1deg,1
list_reports,1
dc_homes,1
rentguarantor,1
cribdilla,1
cyrildrouin,1
peru_proptech,5
larepublica_co,1
encodeclub,2
algorand,2
ubong_ephraim,1
ellliotttb,1
kevinsgillespie,1
worktel,1
ajamal77,2
eaucastalie,1
campingscom,1
europalion,1
zen_hotels,1
wired,3
rajshetgar,3
herstoryys,2
thesmarterplace,1
mark,1
knilfo,4
wearevirgil,3
egaingroup,5
tiltsoftware,5
habitects_ag,1
swissinvestimmo,1
grosvenorgrp,1
havitta_,1
rent_hello,1
moueller1961,4
sirwhite,1
releafafrica,3
hbits,1
economictimes,6
colivingfinland,1
sardimperium,2
buildingsbeyond,1
sniedercorn,4
rentamarkets,1
advancinges,2
mutuionline,4
sostariffe,3
trimblerews,1
deloitteuk_re,1
newbcnpost,1
contactbuilder,1
nogent94130,4
kammahmood,1
barrybehaved,1
jonlandofficial,1
hoolinvestor,1
frontierecon,1
rhcrealestate,1
france2tv,1
bfmtv,2
lifeventuresldn,4
liferesproperty,1
kprglobal,1
getzorba,1
aretailspace,1
myelinh,1
aimodus3,1
tiquest_eu,1
thomsonreuters,1
falconbrick,1
buildercomoy,1
talentgardenes,1
sanban,1
navigatorcre,1
zeplug_ve,1
mhranalytics,3
tagetik,3
hackneycouncil,3
bbcbusiness,1
britishlandplc,1
lendinvest,3
gbetastartups,1
varengold,2
homepplltd,1
davidbyers26,1
mickmcateer,1
dominiclindley,1
yourkeys_uk,1
ravensworthuk,3
rjsbaxter,2
meetoval,1
getbizly,1
convene,1
el_working,1
bespaced,1
popupshopshq,1
gtipalliance,2
nextmtgevents,2
sensative,1
begraham43,4
patamiel,2
abdullahdaoud,1
mcarmody27,2
nyuschack,1
fsmodular,1
stef7321,1
geraldevellp,1
promoval_immo,5
jerobledo,1
bluradioco,1
dane_colombia,1
bancorepublica,1
uber,1
eu,1
bomaintl,1
von_poll,1
dlcmanagement,1
jll_guy,2
ctsmobility,1
hydehousing,1
aiseaimpact,1
digitalbluefoam,1
key4byubs,2
interactioapp,2
alterdomus,1
bumblebeespaces,1
tesla,1
landlord_today,1
clifford_chance,1
gbslep,1
gbslepgrowthhub,1
msbypy2011,1
lafrenchtech,5
ekaterinalicht,1
robinhoodvent,1
scoutventures,1
kecventures,1
avalonventures,1
france3tv,1
nistcyber,3
kulraj_liddar,2
localizecity,1
ramraj35hotmai1,1
startupscz,1
marketforce_uk,1
loquenecesitoc,1
retailsook,2
joinamenify,1
zincvc,1
bancosabadell,1
brincbatelco,6
emilyanthes,1
smartletco,1
borggarantie,1
mcroissant,1
movemuk,1
tori_watling,3
realyse_uk,1
beckyquick,2
andrewrsorkin,2
joekernan,2
rent,1
meistertipp,1
one11advisors,1
housingwire,1
ziggy_tec,1
caminmobiliaria,1
chargelabhq,1
kerrikupecdoj,1
sidneypowell1,1
rudygiuliani,1
kurtschlichter,1
humanoid_info,2
spirosmargaris,1
strivezero,1
crosscangmbh,1
paceworx,1
bestmile,1
measurabl,1
hubble_sh,1
homeselleres,1
meridiana_es,3
datacasas,1
entmagazine,1
haltian,2
doordeck,1
fintel_io,1
trilogyproperty,3
republicldn,2
thejwpringle,1
eliefinegold,1
galibierpr,2
estatepediang,1
yincapp,1
openix,1
moveeasy,1
kooltechsinc,1
rrhhdigital,1
propfrox,1
fotocasaacademy,2
ismaelkardoudi,2
jcrivera1978,2
flatmatein,1
homluvcom,1
teemforwork,1
nestawayhomes,1
davidlaval,1
wholesalinginc,1
mckinsey,1
mckinsey_it,1
xemplahq,1
