URL,Freq
https://twitter.com/i/web/status/1316384534770987012,1
https://www.metrikus.io/blog/the-proptech-guide-to-workplaces,1
https://twitter.com/i/web/status/1316380620906541056,1
https://twitter.com/i/web/status/1316379918578712576,1
https://twitter.com/i/web/status/1316378223966597122,1
https://twitter.com/i/web/status/1316377422271582210,1
https://twitter.com/i/web/status/1316377418173763584,1
https://twitter.com/i/web/status/1316377324619804673,1
https://twitter.com/i/web/status/1316377040757690368,1
https://twitter.com/i/web/status/1316376336139681799,1
https://twitter.com/i/web/status/1316375390764494848,1
https://twitter.com/i/web/status/1316373952948842497,1
https://twitter.com/i/web/status/1316372493729492992,1
https://twitter.com/i/web/status/1316372341723721729,1
https://twitter.com/i/web/status/1316371433153495042,1
https://twitter.com/i/web/status/1316370274649079810,1
http://twib.in/l/M8MGxRo9neKz,1
https://twitter.com/i/web/status/1316363255493750785,1
https://twitter.com/i/web/status/1316360918301839361,1
https://twitter.com/i/web/status/1316359109365596167,1
https://twitter.com/i/web/status/1316357881923612673,1
https://twitter.com/i/web/status/1316357822918074380,1
https://twitter.com/i/web/status/1316356571388170240,1
https://twitter.com/i/web/status/1316356567441256449,1
https://twitter.com/i/web/status/1316355770078892034,1
https://twitter.com/i/web/status/1316355687883120640,1
https://twitter.com/i/web/status/1316355636205150209,1
https://www.itbiz.cz/tiskove-zpravy/proptech-cesky-startup-sharry-promenuje-budovy-v-technologicke-skvosty/,1
https://twitter.com/i/web/status/1316354936855199744,1
https://twitter.com/i/web/status/1316354377708437504,1
https://twitter.com/i/web/status/1316353614739365889,1
https://twitter.com/i/web/status/1316350162466492418,1
https://twitter.com/i/web/status/1316348282654920704,1
https://twitter.com/i/web/status/1316348187075063808,1
https://www.bizjournals.com/sanfrancisco/news/2020/10/13/doorstead-lures-talent-opendoor-uber-expedia.html?ana=TRUEANTHEMTWT_FR&csrc=6398&taid=5f86e850def8510001a35455&utm_campaign=trueAnthem%3A+Trending+Content&utm_medium=trueAnthem&utm_source=twitter,1
https://twitter.com/i/web/status/1316346886119403520,1
https://propertyindustryeye.com/flatio-targets-uk-growth-after-snapping-up-mid-term-letting-platform/,1
https://twitter.com/i/web/status/1316346275151966214,1
https://proptech-appraisal-user-software-forum.mn.co/posts/8909133?utm_source=twitter,1
https://twitter.com/i/web/status/1316342999085973505,1
http://twib.in/l/GLp6XpnzbjMp,1
https://twitter.com/i/web/status/1316341467204460546,1
https://bit.ly/3jWDG8c,1
https://twitter.com/i/web/status/1316341272454467584,1
https://bit.ly/2STQFM8,1
http://twib.in/l/GLp6XB4jB5Gp,1
https://twitter.com/i/web/status/1316339265748467714,1
https://hubs.ly/H0xYrv40,1
https://twitter.com/i/web/status/1316336037858349058,1
https://ift.tt/315wEH3,1
https://twitter.com/i/web/status/1316333122955423744,1
https://twitter.com/i/web/status/1316332487941992448,1
https://twitter.com/i/web/status/1316329903780958210,1
https://twitter.com/i/web/status/1316328192949579777,1
https://bit.ly/317AK14,1
https://twitter.com/i/web/status/1316328191129268224,1
https://bit.ly/CMT_SBEF,2
http://ow.ly/52tU50BOAqr,1
https://twitter.com/i/web/status/1316324541900222469,1
https://twitter.com/i/web/status/1316324343098609665,1
https://twitter.com/i/web/status/1316322789268258818,1
http://Le-Partenaire.fr,4
https://twitter.com/i/web/status/1316322348136628226,1
https://twitter.com/i/web/status/1316320591310446592,1
https://twitter.com/i/web/status/1316318144236007425,1
https://twitter.com/i/web/status/1316316712350953473,1
https://twitter.com/i/web/status/1316316301703479296,1
https://twitter.com/i/web/status/1316315089700564992,1
https://twitter.com/i/web/status/1316314956112039936,1
https://twitter.com/i/web/status/1316314903335100422,1
http://Digi.Lease,8
https://twitter.com/i/web/status/1316312028739502080,1
http://ow.ly/gaVU50BQX4f,2
https://twitter.com/i/web/status/1316310487756349440,1
https://twitter.com/i/web/status/1316310470752690176,1
https://www.territoriobitcoin.com/realfund-cubre-en-pocos-dias-el-80-de-la-emision-de-la-primera-tokenizacion-inmobiliaria/?utm_source=ReviveOldPost&utm_medium=social&utm_campaign=ReviveOldPost,1
https://twitter.com/i/web/status/1316307358503636992,1
https://twitter.com/i/web/status/1316306206445768704,1
https://thenegotiator.co.uk/surviving-the-virus-recognising-lifestyle-changes-part-five/,1
https://twitter.com/i/web/status/1316303749439262720,1
https://twitter.com/i/web/status/1316302778344579072,1
http://www.mapzot.com,2
https://twitter.com/i/web/status/1316302732295241729,1
http://dlvr.it/RjZ0fr,1
https://twitter.com/i/web/status/1316301555298115590,1
http://IT-Finans.se,2
https://twitter.com/i/web/status/1316300212923703297,1
https://twitter.com/i/web/status/1316299307914530816,1
http://finserv.news/2020/10/14/proptech-vts-debuts-real-time-data-for-commercial-leasing/,2
http://finserv.news/2020/10/14/proptech-redaptive-closes-on-150m-for-energy-efficiency-technologies/,2
https://twitter.com/i/web/status/1316295758350614528,1
https://twitter.com/i/web/status/1316294770260574209,1
https://wowtale.net/2020/10/14/zigbang-opened-an-offline-lounge/,1
https://twitter.com/i/web/status/1316293482030542848,1
https://twitter.com/i/web/status/1316293077875728384,1
https://twitter.com/i/web/status/1316292709401976832,1
https://twitter.com/i/web/status/1316291094678822912,1
https://twitter.com/i/web/status/1316287885327454213,1
https://twitter.com/i/web/status/1316287716661788672,1
https://twitter.com/i/web/status/1316287620616343552,1
https://twitter.com/i/web/status/1316287129417379840,1
https://www.konii.de/news/komplett-uberarbeitete-produktpalette-auf-der-allthings-plattform-von-der-free-version-bis-zum-massgeschneiderten-enterprise-angebot-202010146321,1
https://twitter.com/i/web/status/1316285273664356352,1
http://Clooper.com,1
https://twitter.com/i/web/status/1316285141862486017,1
https://blog.rentrovi.com/kira-sozlesmesi-yapilirken-nelere-dikkat-edilmelidir/,1
https://twitter.com/i/web/status/1316285120249237504,1
https://twitter.com/i/web/status/1316284744955580417,1
https://bit.ly/375j7mj,1
https://twitter.com/i/web/status/1316282044033437702,1
https://twitter.com/i/web/status/1316281760917917697,1
https://bit.ly/3lJc9rl,1
https://twitter.com/i/web/status/1316280112078295040,1
https://twitter.com/i/web/status/1316279242208968704,1
https://twitter.com/i/web/status/1316278577252446209,1
https://twitter.com/i/web/status/1316276493459296256,1
https://ascii.jp/elem/000/004/030/4030227/,1
https://twitter.com/i/web/status/1316272530047463424,1
https://twitter.com/i/web/status/1316272140149125122,1
http://blockchain-REAL.at,4
https://twitter.com/i/web/status/1316270112723226625,1
https://twitter.com/i/web/status/1316266798870925312,1
https://twitter.com/i/web/status/1316266496528650240,1
https://twitter.com/i/web/status/1316262963955724291,1
https://www.bdscuatui.com/lam-the-nao-de-bat-kip-cuoc-cach-mang-proptech/?_unique_id=5f8698a5218f8,1
https://twitter.com/i/web/status/1316260371821481987,1
https://twitter.com/i/web/status/1316254181821280262,1
https://connectedworld.com/startups-accelerate-smart-city-efforts/,3
https://www.fotocasa.es/blog/compraventa/cual-es-el-papel-de-las-empresas-proptech-en-el-sector-inmobiliario/#.X4X4ZKcN1GA.twitter,2
https://lnkd.in/eDWHcDN,1
https://twitter.com/i/web/status/1316244837428064257,1
https://twitter.com/i/web/status/1316242353540206592,1
https://twitter.com/i/web/status/1316241166984126464,1
https://buff.ly/3nAeQxk,1
https://twitter.com/i/web/status/1316240068890292225,1
https://twitter.com/i/web/status/1316229344885260289,1
https://ileads.com/home-customer.../credit-based-leads/,2
https://www.newsfilecorp.com/release/65717,2
https://twitter.com/i/web/status/1316199655433285632,1
https://twitter.com/i/web/status/1316197232102854656,1
https://twitter.com/i/web/status/1316195978748334081,1
https://twitter.com/i/web/status/1316189537299820546,1
https://twitter.com/i/web/status/1316187318819184641,1
https://twitter.com/i/web/status/1316182475874480128,1
https://twitter.com/i/web/status/1316179923170742273,1
https://twitter.com/i/web/status/1316167510157332486,1
https://twitter.com/i/web/status/1316163115856273408,1
https://twitter.com/i/web/status/1316163062253195266,1
https://twitter.com/i/web/status/1316162322331648000,1
https://twitter.com/i/web/status/1316158641326653441,1
https://twitter.com/i/web/status/1316157513486663680,1
https://twitter.com/i/web/status/1316156087335297030,1
https://www.bizjournals.com/sanfrancisco/news/2020/10/13/doorstead-lures-talent-opendoor-uber-expedia.html?ana=TRUEANTHEMTWT_FR&csrc=6398&taid=5f863187897c2d000124e2b2&utm_campaign=trueAnthem%3A+Trending+Content&utm_medium=trueAnthem&utm_source=twitter,1
http://ow.ly/n1Ua50BRJKW,1
https://twitter.com/i/web/status/1316151771774025728,1
https://twitter.com/i/web/status/1316151657600749569,1
https://twitter.com/chrispincher/status/1316024793464881163,1
https://twitter.com/i/web/status/1316143195521273858,1
https://youtu.be/IjRA6qNP6WA,5
https://twitter.com/i/web/status/1316141746854793222,1
https://twitter.com/i/web/status/1316141674033295363,1
https://twitter.com/i/web/status/1316138335031656450,1
https://twitter.com/i/web/status/1316134705922805761,1
https://twitter.com/i/web/status/1316132887058669568,1
https://twitter.com/i/web/status/1316132358840627206,1
https://buff.ly/2SKiKW2,2
https://twitter.com/i/web/status/1316129248868958208,1
https://twitter.com/i/web/status/1316128701785018368,1
https://twitter.com/i/web/status/1316124441215152129,1
https://picante.today/entertainment/2020/10/14/170478/sustainco-inc-proposes-name-change-to-universal-proptech-inc-at-special-meeting-of-shareholders/,1
https://twitter.com/i/web/status/1316122561135226881,1
https://twitter.com/i/web/status/1316121819368353794,1
https://twitter.com/i/web/status/1316121818193965060,1
https://twitter.com/i/web/status/1316118770470080513,1
https://twitter.com/i/web/status/1316116600756604934,1
https://twitter.com/i/web/status/1316116510277013506,1
https://twitter.com/i/web/status/1316112737244676099,1
https://twitter.com/i/web/status/1316112730080731136,1
https://twitter.com/i/web/status/1316111304927608832,1
https://twitter.com/i/web/status/1316109349878591488,1
https://twitter.com/Elevate_Energy/status/1316056875096510466,1
https://twitter.com/i/web/status/1316104916679553025,1
https://twitter.com/i/web/status/1316104551418585088,1
https://twitter.com/i/web/status/1316100425247084547,1
https://twitter.com/i/web/status/1316099274405539840,1
https://www.estateagenttoday.co.uk/breaking-news/2020/10/new-agency-software-provider-launching-with-extravagant-claims,1
https://twitter.com/i/web/status/1316093571074793472,1
https://twitter.com/i/web/status/1316090328340860928,1
https://www.linkedin.com/posts/klaus-freiberg-23964015_ruhrgebiet-digitalhubms-hinterlandofthings-activity-6721845348215730176-ZEDA,1
https://twitter.com/i/web/status/1316081746300076043,1
https://twitter.com/i/web/status/1316081707980918785,1
https://twitter.com/i/web/status/1316080026371096578,1
https://twitter.com/i/web/status/1316079104660312069,1
https://twitter.com/i/web/status/1316078750090498049,1
https://twitter.com/i/web/status/1316074624120246274,1
https://lavca.org/2020/08/26/inspired-capital-leads-us10m-series-a-in-colombian-proptech-habi/,1
https://twitter.com/i/web/status/1316073914150289409,1
https://twitter.com/i/web/status/1316073275928256512,1
http://blgs.co/D3L23w,1
https://twitter.com/i/web/status/1316067935593672711,1
https://twitter.com/unitee_io/status/1316057948888748034,1
https://twitter.com/i/web/status/1316065718501363714,1
https://twitter.com/i/web/status/1316061373810515968,1
http://dlvr.it/RjWpTt,1
http://ow.ly/ABA350BEjup,2
https://twitter.com/i/web/status/1316058885946585089,1
https://twitter.com/i/web/status/1316057948888748034,1
https://buff.ly/2FiuhVA,1
https://twitter.com/i/web/status/1316057129103634432,1
https://twitter.com/i/web/status/1316054796474884097,1
https://buff.ly/33Cl5sz,1
https://twitter.com/i/web/status/1316054342819090433,1
https://twitter.com/i/web/status/1316053865322754049,1
https://twitter.com/i/web/status/1316053768811753472,1
https://twitter.com/i/web/status/1316053580630106112,1
https://twitter.com/i/web/status/1316048865674625025,1
https://twitter.com/i/web/status/1316046416897245184,1
https://twitter.com/i/web/status/1316046369103241219,1
https://twitter.com/i/web/status/1316043409744945152,1
https://twitter.com/i/web/status/1316043045561868289,1
https://www.aoproptech.com/passivelogic-secures-16-million-in-series-a-funding-with-the-participation-of-a-o-proptech/,1
https://twitter.com/i/web/status/1316042081526136832,1
https://twitter.com/i/web/status/1316040554719961089,1
https://twitter.com/i/web/status/1316040169577951232,1
https://twitter.com/i/web/status/1316038751899000832,1
https://twitter.com/i/web/status/1316038483358740481,1
https://twitter.com/i/web/status/1316037454957219841,1
https://twitter.com/i/web/status/1316036083172376578,1
https://twitter.com/i/web/status/1316035889101967362,1
https://twitter.com/MESTAfrica/status/1315955732517355522,1
https://twitter.com/i/web/status/1316034767696154627,1
https://twitter.com/i/web/status/1316034425713561600,1
https://antonyantoniou.com/new-proptech-product-nurtures-leads-for-agents-even-as-they-sleep/?utm_source=ReviveOldPost&utm_medium=social&utm_campaign=ReviveOldPost,10
https://twitter.com/i/web/status/1316030901885825024,1
https://twitter.com/i/web/status/1316029426476384256,1
https://twitter.com/i/web/status/1316028557462630404,1
https://twitter.com/i/web/status/1316028214372904960,1
https://twitter.com/i/web/status/1316027926538678272,1
https://vimeo.com/465791163,1
https://twitter.com/i/web/status/1316024793464881163,1
https://twitter.com/i/web/status/1316024649730322433,1
https://twitter.com/i/web/status/1316024408381693954,1
https://twitter.com/i/web/status/1316022018215616518,1
https://twitter.com/i/web/status/1316021461279109121,1
https://www.telegraph.co.uk/technology/2020/10/04/new-90m-fund-targets-british-european-proptech-start-ups/amp/,1
https://twitter.com/i/web/status/1316016034294325260,1
https://twitter.com/i/web/status/1316015470001020929,1
https://twitter.com/i/web/status/1316012345018130432,1
https://twitter.com/i/web/status/1316012097440870400,1
https://twitter.com/i/web/status/1316011096780619781,1
https://twitter.com/i/web/status/1316010133416148996,1
https://buff.ly/2GoxwPT,1
https://twitter.com/i/web/status/1316009046445621248,1
https://twitter.com/i/web/status/1316006279924649984,1
https://twitter.com/i/web/status/1316002048182231040,1
https://twitter.com/i/web/status/1316001516185157632,1
https://twitter.com/i/web/status/1315999879181799424,1
https://lnkd.in/dkNUD9M,1
https://twitter.com/i/web/status/1315997867237167105,1
https://twitter.com/i/web/status/1315996144506474497,1
https://twitter.com/i/web/status/1315994846767665153,1
https://twitter.com/i/web/status/1315994085199667201,1
https://twitter.com/i/web/status/1315993433367085056,1
https://twitter.com/i/web/status/1315993189472370688,1
https://www.thepropertyjungle.com/finance/,4
https://twitter.com/i/web/status/1315992500553777152,1
https://twitter.com/i/web/status/1315990630255001601,1
https://twitter.com/i/web/status/1315990489179590657,1
https://twitter.com/i/web/status/1315990261974159360,1
https://twitter.com/i/web/status/1315987151566376966,1
https://twitter.com/i/web/status/1315986876130570240,1
https://twitter.com/i/web/status/1315986107415384065,1
https://twitter.com/i/web/status/1315986065371664384,1
https://twitter.com/i/web/status/1315985819191193600,1
https://www.egi.co.uk/news/get-the-technology-right-and-the-rest-will-follow/,3
https://www.zoopla.co.uk/discover/renting/tenant-fee-ban/,1
http://Zoopla.co.uk,1
https://twitter.com/i/web/status/1315977769155784706,1
https://www.fm-middleeast.com/operations/property-management/77106-provis-new-proptech-app-launched-to-optimise-service-delivery,1
https://twitter.com/i/web/status/1315977096011939842,1
https://twitter.com/i/web/status/1315974349938208768,1
https://twitter.com/i/web/status/1315972344008015873,1
https://twitter.com/i/web/status/1315971372187815936,1
https://twitter.com/i/web/status/1315971262804623360,1
https://twitter.com/i/web/status/1315970708250525696,1
https://twitter.com/i/web/status/1315970663509897221,1
https://www.twinview.com/news/introducing-capture,1
https://twitter.com/i/web/status/1315968054657003521,1
https://prtimes.jp/main/html/rd/p/000000014.000064504.html,4
http://dlvr.it/RjVYmf,1
https://twitter.com/i/web/status/1315963550242922496,1
https://proptech-appraisal-user-software-forum.mn.co/posts/8886191?utm_source=twitter,1
https://twitter.com/i/web/status/1315961173066608640,1
https://thepropertygroupsite.com/2020/10/13/new-buy-to-let-proptech-enters-market/,1
https://twitter.com/CarlosPierretri/status/1315705591067807746,1
https://twitter.com/i/web/status/1315955732517355522,1
https://iptops.com/news/509043,1
https://twitter.com/i/web/status/1315954019920154624,1
https://twitter.com/i/web/status/1315953900839731201,1
http://dlvr.it/RjVNhw,1
https://www.konii.de/news/die-neuen-micro-storage-konzepte-von-kawaloo-boomen-202010132552,1
https://twitter.com/i/web/status/1315949157018931200,1
https://twitter.com/i/web/status/1315948130630762496,1
https://twitter.com/i/web/status/1315947974078365702,1
https://twitter.com/i/web/status/1315947350645334016,1
https://twitter.com/i/web/status/1315947066120568833,1
https://www.landlordtoday.co.uk/breaking-news/2020/10/is-it-time-for-landlords-to-consider-break-clauses-asks-proptech-chief,4
https://twitter.com/i/web/status/1315945411467649025,1
https://twitter.com/i/web/status/1315944948701700096,1
https://re-how.net/all/691430/,1
https://wmr.tokyo/fukugyo/archives/78055,1
https://twitter.com/i/web/status/1315944635177418752,1
https://wmr.tokyo/serial-entrepreneur/archives/234980,1
https://twitter.com/i/web/status/1315944112210677764,1
https://twitter.com/i/web/status/1315943927812415489,1
https://twitter.com/i/web/status/1315943487154475008,1
https://twitter.com/i/web/status/1315943222787665920,1
https://twitter.com/i/web/status/1315942886366679040,1
https://twitter.com/i/web/status/1315941862788812805,1
https://twitter.com/i/web/status/1315941847265611778,1
https://twitter.com/i/web/status/1315941655133007872,1
https://twitter.com/i/web/status/1315940435018252289,1
https://twitter.com/i/web/status/1315940366844071936,1
https://twitter.com/i/web/status/1315938608038268928,1
https://twitter.com/i/web/status/1315938574580297728,1
https://twitter.com/i/web/status/1315937418021875712,1
https://twitter.com/i/web/status/1315936031041085441,1
https://tcrn.ch/35aBaqf,1
https://twitter.com/i/web/status/1315933933981364225,1
https://buff.ly/3jUWsNf,1
https://twitter.com/i/web/status/1315933209645977600,1
https://twitter.com/i/web/status/1315932790530215936,1
https://twitter.com/i/web/status/1315929704696811520,1
https://twitter.com/i/web/status/1315929592864092168,1
https://twitter.com/i/web/status/1315929281290215424,1
https://twitter.com/i/web/status/1315929276001251328,1
https://twitter.com/i/web/status/1315929043649335296,1
https://twitter.com/i/web/status/1315928188086820865,1
https://twitter.com/i/web/status/1315927769381994497,1
https://twitter.com/i/web/status/1315927691640672256,1
https://twitter.com/i/web/status/1315925470672805888,1
https://buff.ly/3iDAxIX,1
https://twitter.com/i/web/status/1315925315974303746,1
https://twitter.com/i/web/status/1315925296080736264,1
https://twitter.com/i/web/status/1315924927925686272,1
http://pr-gateway.de/s/391571,1
https://twitter.com/i/web/status/1315924893154840577,1
https://ift.tt/33RKvSN,2
https://twitter.com/i/web/status/1315921745350623232,1
https://twitter.com/i/web/status/1315917775119028224,1
https://ift.tt/2SPXwq0,1
https://twitter.com/i/web/status/1315916443565854721,1
https://twitter.com/i/web/status/1315913193252884485,1
https://twitter.com/i/web/status/1315913171761324034,1
https://twitter.com/i/web/status/1315913021873704961,1
https://bit.ly/3dkAf8Z,1
https://twitter.com/i/web/status/1315912341008121856,1
http://dlvr.it/RjTw60,1
https://twitter.com/i/web/status/1315910256430444547,1
https://twitter.com/i/web/status/1315908429140156417,1
https://twitter.com/i/web/status/1315907866881069057,1
https://twitter.com/i/web/status/1315906954267709440,1
https://twitter.com/i/web/status/1315902590278754306,1
https://twitter.com/i/web/status/1315898212679585792,1
https://twitter.com/i/web/status/1315897908965769216,1
https://twitter.com/i/web/status/1315897360074113024,1
https://buff.ly/3lfNESi,2
https://twitter.com/i/web/status/1315877680903008256,1
https://particlex.com/ppgc-registration/,1
https://twitter.com/i/web/status/1315868589187108864,1
https://twitter.com/i/web/status/1315845771036557312,1
https://twitter.com/i/web/status/1315845726417547264,1
https://twitter.com/i/web/status/1315837666429198336,1
https://twitter.com/i/web/status/1315834813077692416,1
https://twitter.com/i/web/status/1315830956889190400,1
https://mailchi.mp/877736a43e96/imperdible-ltimo-podcast-de-nuestra-segunda-temporada,2
https://bitly.com/30ZAl0W,2
https://twitter.com/i/web/status/1315812036572405760,1
https://bit.ly/36FDlmA,1
https://twitter.com/brightdoor/status/1315653399950524418,1
https://bit.ly/3mIXSMI,1
https://twitter.com/i/web/status/1315795053965537281,1
https://twitter.com/i/web/status/1315789455123517442,1
https://twitter.com/i/web/status/1315785991752384513,1
https://twitter.com/i/web/status/1315782497377148930,1
https://business.lesechos.fr/entrepreneurs/actu/0604040344470-coliving-the-babel-community-s-allie-a-la-caisse-des-depots-pour-grandir-340174.php#xtor=CS1-3046,2
https://twitter.com/i/web/status/1315772368254509056,1
https://twitter.com/i/web/status/1315770858238095361,1
https://twitter.com/i/web/status/1315770520768577538,1
https://twitter.com/i/web/status/1315769291992494080,1
https://www.bizjournals.com/sanfrancisco/news/2020/10/12/proptech-startup-snapdocs-raises-60-million-will.html,1
https://hubs.ly/H0xC-t_0,1
https://twitter.com/i/web/status/1315759904469254145,1
https://twitter.com/i/web/status/1315759469482172418,1
https://twitter.com/i/web/status/1315759255446794244,1
https://twitter.com/i/web/status/1315757638324563968,1
https://twitter.com/i/web/status/1315755398490660867,1
http://bbc.in/CoronavirusUKLatest,1
https://twitter.com/i/web/status/1315740234613653510,1
https://twitter.com/i/web/status/1315736523124412417,1
https://twitter.com/i/web/status/1315731879606321152,1
https://www.propmodo.com/what-building-operators-need-to-know-about-covid-19-and-air-filtration/,1
https://bit.ly/311WhZg,3
https://bit.ly/3drFLXl,1
https://twitter.com/i/web/status/1315716377001558016,1
https://twitter.com/i/web/status/1315714055697506304,1
https://twitter.com/i/web/status/1315710096274526208,1
https://twitter.com/i/web/status/1315710083804921857,1
http://twib.in/l/94gzdk7KgB5g,1
https://twitter.com/i/web/status/1315706368721129480,1
https://twitter.com/i/web/status/1315699281479823361,1
https://twitter.com/i/web/status/1315699170133651472,1
https://twitter.com/i/web/status/1315698748526268417,1
https://twitter.com/i/web/status/1315696034849398785,1
https://twitter.com/i/web/status/1315695002886995969,1
https://twitter.com/i/web/status/1315693742691618816,1
https://buff.ly/3nsOPzY,1
https://twitter.com/i/web/status/1315691956484419585,1
https://twitter.com/i/web/status/1315691381390704641,1
https://twitter.com/i/web/status/1315691292014325760,1
https://twitter.com/i/web/status/1315691247546372100,1
https://twitter.com/i/web/status/1315690291039539200,1
https://twitter.com/i/web/status/1315689595401654273,1
https://www.digitaltrends.com/features/most-influential-hispanics-in-tech/,1
https://twitter.com/i/web/status/1315689244879396864,1
https://twitter.com/andres_leal7/status/1315686086090387461,1
https://www.worldpropertyjournal.com/press-releases/california-proptech-globallistingscom-to-open-offices-in-downtown-west-palm-beach-12172.php,1
https://twitter.com/i/web/status/1315685838584455168,1
https://twitter.com/i/web/status/1315685331853860864,1
https://twitter.com/i/web/status/1315684925262225410,1
https://allwork.space/2020/09/future-of-work-how-technology-can-increase-the-value-of-cre/,2
https://twitter.com/i/web/status/1315683849947541505,1
https://twitter.com/andres_leal7/status/1315681200057483264,1
https://twitter.com/i/web/status/1315683478323822598,1
https://twitter.com/i/web/status/1315683107547348992,1
https://twitter.com/i/web/status/1315681200057483264,1
https://twitter.com/i/web/status/1315680640180932610,1
https://twitter.com/i/web/status/1315680221647921157,1
http://www.walliance.fr,1
https://twitter.com/i/web/status/1315679932106846208,1
https://twitter.com/i/web/status/1315678631914549248,1
https://twitter.com/i/web/status/1315678613577125888,1
https://twitter.com/i/web/status/1315678605666594817,1
https://twitter.com/i/web/status/1315678232214200321,1
https://twitter.com/i/web/status/1315671109170323456,1
https://twitter.com/i/web/status/1315670610039771139,1
https://twitter.com/i/web/status/1315669279401029633,1
https://twitter.com/i/web/status/1315668761874247682,1
https://bit.ly/36VhKXk,2
https://twitter.com/i/web/status/1315666292859441152,1
https://twitter.com/i/web/status/1315665062233862150,1
https://twitter.com/i/web/status/1315664927193919490,1
https://app.livestorm.co/p/442707a2-d11e-481d-a821-7802aff61581,1
https://twitter.com/i/web/status/1315664567796719616,1
https://twitter.com/enricomolinari,1
https://twitter.com/i/web/status/1315660942894661632,1
https://twitter.com/i/web/status/1315660200213385216,1
https://re2bit.com/2020/10/12/mamacrowd-chiusa-con-oltre-26-mln-la-prima-campagna-di-crowdfunding-immobiliare/,4
https://twitter.com/PropChallenge/status/1315649693796519936,1
https://twitter.com/i/web/status/1315654094049210368,1
https://bit.ly/3nLv6f4,2
https://twitter.com/i/web/status/1315653524194291715,1
https://twitter.com/i/web/status/1315653448445177856,1
https://twitter.com/i/web/status/1315653399950524418,1
https://twitter.com/i/web/status/1315652202250280960,1
https://bit.ly/3lGda3g,1
https://twitter.com/i/web/status/1315652041012805635,1
https://twitter.com/i/web/status/1315652039083544576,1
https://twitter.com/i/web/status/1315649693796519936,1
https://buff.ly/34qUdLe,1
https://twitter.com/i/web/status/1315646657367863296,1
https://twitter.com/i/web/status/1315646004931293184,1
https://twitter.com/i/web/status/1315643227177918464,1
https://twitter.com/i/web/status/1315642192954904584,1
https://twitter.com/i/web/status/1315642135006400513,1
https://twitter.com/i/web/status/1315640598494404609,1
https://twitter.com/i/web/status/1315639814893469696,1
https://twitter.com/i/web/status/1315638563929640960,1
https://twitter.com/i/web/status/1315635290510446592,1
https://www.propertywire.com/blog/how-to-make-the-covid-19-proptech-revolution-last/,4
https://lnkd.in/gytDCBH,1
https://twitter.com/i/web/status/1315633008288976896,1
https://www.instagram.com/p/CGPl6uBpU4P/?igshid=1n44v6ezax8nr,1
https://twitter.com/i/web/status/1315630893223026690,1
https://twitter.com/i/web/status/1315629216306782208,1
https://twitter.com/i/web/status/1315628359494316032,1
https://twitter.com/i/web/status/1315624326469742593,1
https://twitter.com/i/web/status/1315624234304102401,1
https://twitter.com/i/web/status/1315624158169108480,1
http://ow.ly/Bwe450BJzQY,1
https://twitter.com/i/web/status/1315623575458545669,1
https://www.konii.de/news/volkswagen-testet-cloudbrixx-mangelmanagement-modul-im-pilotprojekt-202010122256,1
https://twitter.com/i/web/status/1315620393118560258,1
https://twitter.com/i/web/status/1315618216929091584,1
https://www.aalmeen.com/12-Oct-2020/new-proptech-app-provis-connect-launched-to-optimize-service-delivery,1
https://twitter.com/i/web/status/1315616163624255488,1
https://re2bit.com/2020/10/12/approvato-il-nuovo-regolamento-europeo-su-equity-e-lending-crowdfunding/,4
https://twitter.com/i/web/status/1315607879324332035,1
https://twitter.com/i/web/status/1315606919726407680,1
https://twitter.com/i/web/status/1315606677077610496,1
https://www.across-magazine.com/across-retail-talks-online-on-the-topic-proptech-in-retail-real-estate/#.X4QlS92e1T0.twitter,2
https://twitter.com/i/web/status/1315603897097035782,1
https://twitter.com/i/web/status/1315603133263949824,1
https://twitter.com/i/web/status/1315602748889608193,1
https://twitter.com/i/web/status/1315602341643653121,1
https://twitter.com/i/web/status/1315601893217849346,1
https://twitter.com/i/web/status/1315601284758671361,1
https://twitter.com/jptechcrunch/status/1315533901872476161,1
https://twitter.com/i/web/status/1315593249650872325,1
https://twitter.com/i/web/status/1315589463695917056,1
https://twitter.com/i/web/status/1315585817046323205,1
https://twitter.com/i/web/status/1315583890439000065,1
https://twitter.com/i/web/status/1315582670122999809,1
https://twitter.com/i/web/status/1315582256635736066,1
https://s.hbr.org/2FfRZ8X,1
https://twitter.com/i/web/status/1315579795208638464,1
https://twitter.com/i/web/status/1315571754065104901,1
https://twitter.com/i/web/status/1315571674612469760,1
https://twitter.com/i/web/status/1315568687051689984,1
https://twitter.com/i/web/status/1315563149786001409,1
https://buff.ly/3jvqozi,1
https://twitter.com/i/web/status/1315562922672828416,1
https://twitter.com/i/web/status/1315561099748610048,1
https://twitter.com/i/web/status/1315559786956697600,1
https://twitter.com/i/web/status/1315557074324123648,1
https://twitter.com/i/web/status/1315556658446307335,1
https://twitter.com/i/web/status/1315556128260911106,1
https://twitter.com/i/web/status/1315553949672382464,1
https://www.leparisien.fr/immobilier/retour-en-grace-de-la-pierre-dans-les-carrieres-de-noyant-02-10-2020-8395509.php?utm_source=Sociallymap&utm_medium=Sociallymap&utm_campaign=Sociallymap,1
https://twitter.com/i/web/status/1315548084043161600,1
https://twitter.com/i/web/status/1315547754614140929,1
http://finserv.news/2020/10/12/proptech-molo-raises-266m-in-new-funding-to-expand-digital-mortgage-lending/,2
https://twitter.com/i/web/status/1315544669879640064,1
https://twitter.com/i/web/status/1315541841027182592,1
https://twitter.com/i/web/status/1315540309292593152,1
https://thenfapost.com/2020/10/12/warburg-pincus-to-invest-95-mn-in-affordable-housing-fin-company-home-first/,1
https://twitter.com/i/web/status/1315535383719899136,1
https://twitter.com/i/web/status/1315526678232301568,1
https://www.bproperty.com/blog/new-features-bproperty-website/,1
https://buff.ly/3lgLUZk,1
https://twitter.com/i/web/status/1315515300499120134,1
https://buff.ly/2GE6hAk,1
https://twitter.com/i/web/status/1315515291464536064,1
https://www.linkedin.com/pulse/i-built-tenantcube-me-landlord-andrews-moses,1
https://twitter.com/i/web/status/1315507972412452866,1
https://twitter.com/i/web/status/1315502505053347840,1
https://twitter.com/i/web/status/1315501674321063936,1
https://stockhead.com.au/tech/quantify-technology-unveils-4-8m-acquisition-of-a-fellow-smart-homes-company/,2
https://twitter.com/i/web/status/1315472397525561349,1
https://twitter.com/i/web/status/1315465852326604802,1
http://upflow.co/l/0K2V,1
https://twitter.com/i/web/status/1315461322222444544,1
http://finserv.news/2020/10/12/proptech-propy-a-blockchain-verified-platform-for-selling-houses-raises-funding-from-tim-draper/,2
http://finserv.news/2020/10/12/proptech-orchard-transforms-home-buying-with-digital-transaction-platform/,2
http://ed.gr/cwat0,2
https://twitter.com/i/web/status/1315427138493968385,1
https://londonte.ch/34wWggJ,1
https://youtu.be/tlajh9Y-avY,1
https://bit.ly/34JWt0h,1
http://blgs.co/3y7g0O,1
https://go.blocksquare.io/rz8,1
https://replug.link/bb23efe0,1
https://twitter.com/i/web/status/1315366714796896257,1
https://twitter.com/i/web/status/1315364659000639488,1
https://twitter.com/i/web/status/1315362729184632837,1
https://twitter.com/i/web/status/1315361114025328641,1
https://twitter.com/i/web/status/1315358809762791426,1
https://twitter.com/i/web/status/1315351458057981953,1
https://twitter.com/i/web/status/1315346357834653700,1
https://twitter.com/i/web/status/1315344225878388737,1
http://blgs.co/u-YYRd,1
https://twitter.com/i/web/status/1315336457083596800,1
https://twitter.com/i/web/status/1315333848977362944,1
https://buff.ly/3nfDCT7,1
https://twitter.com/i/web/status/1315329568895533057,1
https://twitter.com/i/web/status/1315329038001606656,1
https://twitter.com/i/web/status/1315328909559451655,1
https://www.businessimmo.com/contents/122078/le-marche-francais-du-logement-est-grand-et-passionnant?utm_source=Sociallymap&utm_medium=Sociallymap&utm_campaign=Sociallymap,1
https://mobile.twitter.com/owenboswarva,1
https://twitter.com/i/web/status/1315307609906393088,1
https://twitter.com/i/web/status/1315307036045963278,1
https://twitter.com/i/web/status/1315306848514461696,1
https://twitter.com/i/web/status/1315289963819401217,1
https://twitter.com/i/web/status/1315289576924237830,1
https://twitter.com/i/web/status/1315284788148727808,1
https://buff.ly/3jv9qAZ,3
https://twitter.com/i/web/status/1315284270315954178,1
https://twitter.com/i/web/status/1315283013102645249,1
https://twitter.com/i/web/status/1315282546486325251,1
https://twitter.com/i/web/status/1315277827881742336,1
https://twitter.com/i/web/status/1315274804472082434,1
https://twitter.com/i/web/status/1315268496419422209,1
https://twitter.com/i/web/status/1315268226306113536,1
https://buff.ly/33E7p01,5
https://propertydistrict.ie/sunday-property-round-up-11th-october-2020/,5
https://twitter.com/i/web/status/1315264462815989760,1
https://www.cm-today.com/news/proptech/new-proptech-app-launched-to-optimize-service-delivery,1
https://twitter.com/i/web/status/1315256011343753221,1
https://twitter.com/i/web/status/1315254876268638210,1
https://www.cybergear2.com/new-proptech-app-provis-connect-launched-to-optimize-service-delivery/,1
https://twitter.com/i/web/status/1315252974382391297,1
https://twitter.com/i/web/status/1315249901274570756,1
https://twitter.com/i/web/status/1315245035860963328,1
https://twitter.com/i/web/status/1315244363144998912,1
https://twitter.com/i/web/status/1315239940398043136,1
https://workplacehiddenopportunities.com/8-00-section-v-intelligence-network/7-50-section-vii-global-eighty/covid-19-response-from-global-workplace-leaders/,1
https://twitter.com/i/web/status/1315220522507083777,1
https://twitter.com/i/web/status/1315217327110139904,1
https://twitter.com/i/web/status/1315215565380698113,1
https://twitter.com/i/web/status/1315211856735342598,1
https://japan.cnet.com/article/35160725/,2
https://twitter.com/i/web/status/1315200529652420608,1
https://twitter.com/i/web/status/1315200464997224450,1
https://twitter.com/i/web/status/1315200068690022400,1
https://www.propertyinvestortoday.co.uk/breaking-news/2020/10/proptech-collab-allows-more-virtual-tour-options-for-agents,3
https://www.pbctoday.co.uk/news/planning-construction-news/data-planning-system/83727/,1
https://twitter.com/i/web/status/1315193578675634177,1
https://www.irishtimes.com/business/retail-and-services/clevernet-cements-deal-to-run-smarter-buildings-1.4376099?mode=amp,1
https://twitter.com/i/web/status/1315188766106169344,1
https://twitter.com/i/web/status/1315179174898925569,1
https://twitter.com/i/web/status/1315162612049608704,1
https://buff.ly/2SlZtKo,2
https://twitter.com/i/web/status/1315152904664363008,1
https://www.territoriobitcoin.com/la-empresa-alemana-patrizia-adquiere-un-proyecto-residencial-en-barcelona/?utm_source=ReviveOldPost&utm_medium=social&utm_campaign=ReviveOldPost,2
https://twitter.com/d_komao/status/1315089438238679040,1
https://m.elmostrador.cl/generacion-m/2020/09/30/transformacion-digital-inmobiliaria-la-cuenta-regresiva-ya-comenzo/,1
https://twitter.com/i/web/status/1315109999799078914,1
https://twitter.com/i/web/status/1315108438024781824,1
https://hackernoon.com/our-proptech-future-tokenization-will-move-the-real-estate-industry-forward-wp263ej5,1
https://twitter.com/i/web/status/1315094795107340290,1
https://is.gd/ic3c38,1
https://twitter.com/i/web/status/1315047560847994880,1
http://blgs.co/g57K1H,1
https://twitter.com/i/web/status/1315034563207401473,1
https://twitter.com/i/web/status/1315025983989338114,1
https://proptech-appraisal-user-software-forum.mn.co/posts/8840055?utm_source=twitter,1
https://twitter.com/i/web/status/1315019450802987010,1
https://twitter.com/i/web/status/1315017924697092096,1
https://twitter.com/i/web/status/1315008704656351234,1
https://ventureburn.com/2020/09/local-proptech-startup-secures-funding-from-uk-investment-firm/,2
http://ed.gr/cwat1,1
https://twitter.com/i/web/status/1315004222363054082,1
https://jobs.theguardian.com/job/7097466/client-success-executive-proptech/?TrackID=19,1
https://twitter.com/i/web/status/1315001548859207685,1
https://twitter.com/i/web/status/1314996789918011395,1
https://twitter.com/i/web/status/1314981678692143105,1
https://twitter.com/i/web/status/1314974171236052999,1
https://buff.ly/2EXHxCJ,1
https://twitter.com/i/web/status/1314967179016761344,1
https://twitter.com/i/web/status/1314966511098966017,1
https://immobilier.lefigaro.fr/article/comment-etre-moins-endette-avec-le-meme-taux-de-credit-immobilier_8ce2dbee-08a3-11eb-b089-f4f465c7cdb4/?utm_source=Sociallymap&utm_medium=Sociallymap&utm_campaign=Sociallymap,1
https://stackoverflow.com/jobs/427948/tech-lead-proptech-ksk?so_medium=Social&so_source=Twitter&so_campaign=SOJobsAccount,3
https://twitter.com/i/web/status/1314951444961939456,1
https://twitter.com/i/web/status/1314950461523464192,1
https://www.dadshed.co.uk/insights/digitised-resident-manuals,1
https://twitter.com/i/web/status/1314947024438145025,1
https://twitter.com/i/web/status/1314937946789810176,1
https://twitter.com/i/web/status/1314936307089580032,1
https://twitter.com/nature_yukiueda/status/1314540110252142592,1
https://twitter.com/i/web/status/1314929181734694912,1
https://twitter.com/i/web/status/1314929054370406400,1
https://buff.ly/3cQDu7U,2
https://twitter.com/i/web/status/1314921882697773057,1
https://twitter.com/TaitPlanning/status/1313833740792205320,1
https://twitter.com/i/web/status/1314906186852990981,1
https://twitter.com/i/web/status/1314900235651608577,1
https://twitter.com/i/web/status/1314898714918629376,1
https://twitter.com/i/web/status/1314891187795513346,1
https://twitter.com/i/web/status/1314885857086636035,1
https://twitter.com/i/web/status/1314884644337221632,1
https://twitter.com/i/web/status/1314883386067091457,1
https://twitter.com/i/web/status/1314881983088975872,1
https://twitter.com/i/web/status/1314880858457878528,1
https://twitter.com/i/web/status/1314880686982127616,1
https://www.icgapproved.co.uk/,1
https://twitter.com/i/web/status/1314876483119259648,1
https://twitter.com/i/web/status/1314872596756860929,1
https://twitter.com/i/web/status/1314871373542625281,1
https://proptech-appraisal-user-software-forum.mn.co/posts/8832392?utm_source=twitter,1
https://twitter.com/i/web/status/1314869133876568065,1
https://immobilier.lefigaro.fr/article/pourquoi-l-acces-au-credit-immobilier-a-ete-resserre_300866be-0961-11eb-b089-f4f465c7cdb4/?utm_source=Sociallymap&utm_medium=Sociallymap&utm_campaign=Sociallymap,1
https://twitter.com/i/web/status/1314863008095633408,1
https://buff.ly/3iIYTRC,13
https://twitter.com/i/web/status/1314840749536673792,1
https://twitter.com/i/web/status/1314838382888054785,1
https://buff.ly/2SlnUYA,1
https://twitter.com/i/web/status/1314838112183422977,1
https://twitter.com/i/web/status/1314829241356345344,1
https://twitter.com/i/web/status/1314827184318681089,1
https://twitter.com/HouseToma/status/1314557330806112256,1
http://dlvr.it/RjJyG2,1
https://twitter.com/i/web/status/1314806476909600768,1
https://buff.ly/3iw1NcA,2
https://twitter.com/i/web/status/1314790516706480130,1
https://twitter.com/i/web/status/1314785336711540737,1
https://twitter.com/i/web/status/1314778702920679424,1
https://twitter.com/i/web/status/1314776627960836096,1
https://twitter.com/OREAinfo/status/1314536199164497921,1
https://twitter.com/i/web/status/1314768647873732609,1
https://datafloq.com/read/how-proptech-is-evolving-within-the-property-industry/9975,2
https://twitter.com/i/web/status/1314747662260895748,1
https://bit.ly/36O4SSO,1
https://twitter.com/i/web/status/1314726710261080064,1
https://twitter.com/i/web/status/1314714760810762241,1
https://youtu.be/etVhO0-_z00,3
https://twitter.com/i/web/status/1314703959022542848,1
https://tokyoevents.johocloud.com/2020/10/10/proptech-125/,1
https://twitter.com/i/web/status/1314692121664925699,1
https://twitter.com/i/web/status/1314683471604850688,1
https://twitter.com/i/web/status/1314672322129866752,1
https://twitter.com/i/web/status/1314672227053441024,1
https://twitter.com/i/web/status/1314672183239680007,1
https://twitter.com/i/web/status/1314671982621921280,1
https://twitter.com/i/web/status/1314664326049878017,1
https://twitter.com/i/web/status/1314664078489649152,1
https://twitter.com/i/web/status/1314660655614623746,1
https://twitter.com/i/web/status/1314660218207383553,1
https://twitter.com/i/web/status/1314659834692763650,1
https://twitter.com/i/web/status/1314657197763239942,1
https://twitter.com/i/web/status/1314657140578058241,1
https://twitter.com/i/web/status/1314655933780328450,1
https://twitter.com/i/web/status/1314653366862176256,1
https://twitter.com/i/web/status/1314653364307873798,1
https://twitter.com/i/web/status/1314653362399383553,1
https://twitter.com/i/web/status/1314653121059196929,1
https://www.jdsupra.com/legalnews/proptech-update-october-2020-36073,1
https://twitter.com/i/web/status/1314648002540208129,1
https://twitter.com/i/web/status/1314646321400217600,1
https://twitter.com/i/web/status/1314645585849454594,1
https://www.nreionline.com/technology/second-quarter-saw-uptick-big-funding-rounds-established-proptech-players,1
http://ed.gr/cwat2,1
https://twitter.com/i/web/status/1314641962750939136,1
https://twitter.com/i/web/status/1314641906874245120,1
https://twitter.com/i/web/status/1314641898422915075,1
https://twitter.com/i/web/status/1314640160588476417,1
https://ift.tt/2SGeTJB,1
https://bit.ly/3dlhi68,5
https://www.jdsupra.com/legalnews/proptech-update-october-2020-36073/,4
https://twitter.com/i/web/status/1314636677474914304,1
https://twitter.com/i/web/status/1314636061151199232,1
http://lancer.to/jobs/ui-ux-designer-for-startup-proptech-co,1
https://twitter.com/i/web/status/1314634889820606465,1
https://replug.link/986a3cd0,1
https://twitter.com/i/web/status/1314629198644940801,1
https://twitter.com/i/web/status/1314629145628942338,1
https://twitter.com/i/web/status/1314628265294942208,1
https://www.propmodo.com/what-to-do-with-your-parking-lot-during-the-pandemic/,1
https://twitter.com/i/web/status/1314626687645220866,1
https://youtu.be/4m5IOBcSVwE,1
https://twitter.com/i/web/status/1314626459189809152,1
https://twitter.com/i/web/status/1314624939878744064,1
https://twitter.com/i/web/status/1314619386657939457,1
https://twitter.com/i/web/status/1314619211956789254,1
https://twitter.com/i/web/status/1314619166419308545,1
https://twitter.com/i/web/status/1314616018447339523,1
https://twitter.com/i/web/status/1314612985059594240,1
https://twitter.com/i/web/status/1314612807392882690,1
https://twitter.com/i/web/status/1314611859484540935,1
https://twitter.com/i/web/status/1314608966564024321,1
https://twitter.com/i/web/status/1314607971423465474,1
https://twitter.com/i/web/status/1314607309067218944,1
https://twitter.com/i/web/status/1314605786681823232,1
https://buff.ly/36tkWJA,1
https://twitter.com/i/web/status/1314604790719156227,1
https://buff.ly/3l3vRxG,1
https://twitter.com/i/web/status/1314604790157115392,1
https://twitter.com/i/web/status/1314604778979168256,1
https://twitter.com/i/web/status/1314604450447855617,1
https://twitter.com/i/web/status/1314604225016590336,1
https://twitter.com/i/web/status/1314604162286485510,1
https://twitter.com/i/web/status/1314604097555886086,1
https://twitter.com/i/web/status/1314603603672301571,1
https://twitter.com/i/web/status/1314601552305324032,1
https://twitter.com/i/web/status/1314600315300335616,1
https://twitter.com/i/web/status/1314599018304090114,1
https://placetech.net/products/4-israeli-innovators-reshaping-real-estate/,1
https://drop-desk.com,1
https://twitter.com/i/web/status/1314598273169215489,1
http://immobilier.lefigaro.fr/article/les-francais-manquent-d-air-dans-leur-logement_e02bb5ca-0720-11eb-93ba-ac419a147267/?utm_source=Sociallymap&utm_medium=Sociallymap&utm_campaign=Sociallymap,1
https://twitter.com/i/web/status/1314596814331543553,1
https://hubs.la/H0xF4_50,3
https://twitter.com/i/web/status/1314595832834985984,1
https://bit.ly/36KsiIV,1
https://twitter.com/i/web/status/1314591817371975682,1
https://twitter.com/i/web/status/1314591403587108864,1
https://twitter.com/i/web/status/1314589257739231232,1
https://twitter.com/i/web/status/1314589163539378177,1
https://twitter.com/i/web/status/1314589032370843648,1
https://twitter.com/i/web/status/1314586527381348353,1
https://twitter.com/i/web/status/1314584743804112896,1
https://hubs.ly/H0xJwvH0,1
https://twitter.com/i/web/status/1314582924759650305,1
https://hubs.ly/H0xJyTj0,1
https://twitter.com/i/web/status/1314582553261682689,1
https://twitter.com/i/web/status/1314581559022891008,1
https://twitter.com/i/web/status/1314581401493266432,1
https://twitter.com/i/web/status/1314580271669358598,1
https://twitter.com/i/web/status/1314578367010803712,1
https://www.linkedin.com/jobs/view/customer-experience-representative-at-amenify-2190849052/?refId=51991e82-7436-49e1-b5dd-211f25f1e9b6&position=22&pageNum=0&trk=public_jobs_job-result-card_result-card_full-click,1
https://twitter.com/i/web/status/1314571462200766465,1
https://twitter.com/i/web/status/1314571246861012993,1
https://twitter.com/i/web/status/1314571084193300485,1
https://twitter.com/i/web/status/1314570264701739009,1
https://hubs.ly/H0xJDKX0,1
https://twitter.com/i/web/status/1314567584268783616,1
https://twitter.com/i/web/status/1314566804166053888,1
https://twitter.com/i/web/status/1314564015847342080,1
https://twitter.com/i/web/status/1314563939016093697,1
https://twitter.com/i/web/status/1314563931613147136,1
https://twitter.com/i/web/status/1314562413291741184,1
https://twitter.com/i/web/status/1314560798887419907,1
https://twitter.com/i/web/status/1314559860097404928,1
https://buff.ly/3nl63PI,1
https://twitter.com/i/web/status/1314559494567989248,1
https://twitter.com/i/web/status/1314558802977533952,1
https://twitter.com/i/web/status/1314558520826769410,1
https://twitter.com/i/web/status/1314557599082315778,1
https://twitter.com/i/web/status/1314557492421066753,1
https://twitter.com/i/web/status/1314551911937343492,1
https://twitter.com/i/web/status/1314551876688379904,1
https://twitter.com/i/web/status/1314551291264339969,1
https://twitter.com/i/web/status/1314549649873698816,1
https://twitter.com/i/web/status/1314548884111323136,1
https://twitter.com/i/web/status/1314546654759063552,1
https://twitter.com/i/web/status/1314545860991234054,1
https://twitter.com/i/web/status/1314545656934158337,1
https://twitter.com/i/web/status/1314545508879413248,1
https://twitter.com/i/web/status/1314543719899635717,1
https://lnkd.in/g8t4C_p,1
https://twitter.com/i/web/status/1314541196681850886,1
https://twitter.com/i/web/status/1314537369731764224,1
https://twitter.com/i/web/status/1314537360575672321,1
https://snip.ly/jwgd5y,1
https://twitter.com/i/web/status/1314536092469809152,1
https://twitter.com/i/web/status/1314535255148199938,1
https://twitter.com/i/web/status/1314535015200501760,1
https://www.unissu.com/proptech-resources/blockchain-the-technology-of-trust-and-its-impact-on-re-closings,1
https://twitter.com/i/web/status/1314528595612700673,1
https://twitter.com/i/web/status/1314522791828488194,1
https://twitter.com/i/web/status/1314521684507004928,1
https://twitter.com/i/web/status/1314520033624813569,1
https://twitter.com/i/web/status/1314514184328097792,1
https://twitter.com/i/web/status/1314513579295551490,1
https://twitter.com/i/web/status/1314513495556268032,1
https://twitter.com/i/web/status/1314512711347310592,1
https://twitter.com/i/web/status/1314509768409657345,1
https://twitter.com/i/web/status/1314508913895669760,1
https://twitter.com/i/web/status/1314502014928408576,1
https://twitter.com/i/web/status/1314501815053021185,1
https://twitter.com/i/web/status/1314499187455791104,1
https://twitter.com/i/web/status/1314497297993142272,1
https://twitter.com/shunsuke00/status/1314494014276562945,1
https://twitter.com/i/web/status/1314496246401335298,1
https://re2bit.com/2020/10/08/bizaway-accordo-con-homelike-per-laffitto-di-case-temporanee-ai-clienti-aziendali/,3
https://re2bit.com/2020/10/08/toplife-concierge-e-sofia-locks-creano-app-integrata-per-servizi-spazi-e-accessi/,4
https://twitter.com/i/web/status/1314494459904757760,1
https://twitter.com/i/web/status/1314493806507565056,1
https://twitter.com/i/web/status/1314493591675457536,1
https://twitter.com/i/web/status/1314492200718401537,1
https://twitter.com/i/web/status/1314490792996724736,1
https://twitter.com/i/web/status/1314490482458865664,1
https://twitter.com/i/web/status/1314489856991649799,1
https://twitter.com/i/web/status/1314487947656400902,1
https://twitter.com/i/web/status/1314487348609060864,1
http://dlvr.it/RjFn8Z,1
https://twitter.com/i/web/status/1314486371583750144,1
https://bit.ly/30Nclhg,1
https://twitter.com/i/web/status/1314486033325621254,1
https://twitter.com/i/web/status/1314484411681984512,1
https://twitter.com/i/web/status/1314484114217725952,1
https://twitter.com/i/web/status/1314484106424717317,1
https://ift.tt/3iJSq98,1
https://twitter.com/i/web/status/1314481182520864768,1
https://twitter.com/i/web/status/1314480730077114368,1
https://twitter.com/i/web/status/1314479481881534464,1
https://twitter.com/i/web/status/1314478908377628673,1
https://www.lettingagenttoday.co.uk/breaking-news/2020/10/proptech-links-for-the-depositary-aim-at-10-minute-check-out,3
https://twitter.com/i/web/status/1314478215889588224,1
https://twitter.com/i/web/status/1314475912918962176,1
https://twitter.com/i/web/status/1314475771881312257,1
https://buff.ly/3cQYc7u,1
https://twitter.com/i/web/status/1314475729523007489,1
https://buff.ly/36rUAYC,1
https://twitter.com/i/web/status/1314475689299652608,1
https://twitter.com/i/web/status/1314475357605711880,1
https://bbc.in/3nsidpO,1
https://twitter.com/i/web/status/1314472426261164032,1
https://twitter.com/i/web/status/1314469393519325185,1
https://twitter.com/PropertyDanH/status/918243428873527298,1
https://twitter.com/i/web/status/1314468137530789888,1
https://twitter.com/i/web/status/1314467028909031424,1
http://dlvr.it/RjFWPN,1
https://twitter.com/i/web/status/1314462100660588545,1
"https://news.cision.com/se/netmore-group-ab--publ-/r/riksbyggen---newsec-talar-pa-smart-property-2020---fokus-proptech-och-iot-tillampningar,c3213321",1
https://sbee.link/ubrc6h4wxj,1
https://twitter.com/i/web/status/1314460630204768256,1
https://twitter.com/i/web/status/1314459226908045312,1
https://twitter.com/i/web/status/1314458980719026177,1
http://bit.ly/2wKZwEY,1
https://twitter.com/i/web/status/1314442479664533504,1
https://www.lesechos.fr/pme-regions/actualite-des-marches-publics/lyon-axeleo-reunit-35-millions-deuros-pour-les-start-up-de-limmobilier-1250599,1
https://twitter.com/i/web/status/1314438017214488583,1
https://buff.ly/36t23Xd,1
https://twitter.com/i/web/status/1314428129516154880,1
https://twitter.com/i/web/status/1314426475949428736,1
https://www.1min30.com/inbound-marketing/proptech-digital-1287489010,3
https://twitter.com/i/web/status/1314413000619520001,1
https://youtu.be/bh2sT5kPLGw,2
https://twitter.com/ColProptech/status/1314327237886390272,1
https://twitter.com/i/web/status/1314400443494215681,1
https://twitter.com/i/web/status/1314400275608854529,1
https://twitter.com/i/web/status/1314385302346063873,1
http://dlvr.it/RjDsJd,1
https://replug.link/9c975b20,1
https://twitter.com/i/web/status/1314348495978065920,1
https://twitter.com/i/web/status/1314347491362512896,1
https://twitter.com/i/web/status/1314341050119585792,1
https://twitter.com/i/web/status/1314339801345265673,1
https://twitter.com/i/web/status/1314338834969051137,1
https://twitter.com/i/web/status/1314338796574392320,1
https://twitter.com/jptechcrunch/status/1314333112399269889,1
https://twitter.com/i/web/status/1314334765760249858,1
https://www.nreionline.com/technology/established-proptech-players-continued-amass-funds-second-quarter,1
https://www.linkedin.com/pulse/proptech-el-presente-y-futuro-del-mercado-de-m%25C3%25A9xico-guillermo,1
https://twitter.com/i/web/status/1314327237886390272,1
https://youtu.be/glTENaI8cOI,1
https://twitter.com/i/web/status/1314316614381248522,1
https://goo.gl/fb/7WK2WZ,1
https://twitter.com/i/web/status/1314309860536844289,1
https://blog.naiop.org/2020/10/implementing-proptech-with-purpose/,1
https://www.propmodo.com/here-is-how-the-property-industry-has-been-able-to-start-building-again/,1
https://ift.tt/2SC2lCS,1
https://whoisaz.com/news-you-can-use/,1
https://fourweekmba.com/proptech/,1
http://ow.ly/1lq7102oMWi,1
https://twitter.com/i/web/status/1314302071148027921,1
https://btrnews.co.uk/2020/10/07/webinar-technology-in-btr-inside-the-construction-process/,2
https://goo.gl/fb/W5jcCQ,1
http://mtr.cool/yfwlgynypq,1
https://twitter.com/i/web/status/1314295797136138241,1
https://twitter.com/i/web/status/1314295752588505098,1
https://twitter.com/i/web/status/1314294427654017024,1
https://goo.gl/fb/WgP9iN,1
https://twitter.com/i/web/status/1314294346406072322,1
https://www.forbes.com/sites/louiscolumbus/2020/10/04/whats-new-in-gartners-hype-cycle-for-ai-2020/#ea06217335c4,1
http://www.forbesmiddleeastmagazine.com/flipbook/2020/10/arabic/#p=54,2
http://www.forbesmiddleeastmagazine.com/flipbook/2020/10/english/#p=51,2
https://ift.tt/3jIvZlP,1
https://twitter.com/i/web/status/1314292625046867968,1
https://twitter.com/i/web/status/1314289878511882246,1
https://techround.co.uk/news/arthur-student-housing-monitor-covid-19/,1
https://twitter.com/i/web/status/1314287079870914562,1
https://twitter.com/i/web/status/1314286943992119296,1
https://twitter.com/i/web/status/1314286546623893504,1
https://twitter.com/i/web/status/1314285683511562247,1
https://twitter.com/i/web/status/1314285593480826881,1
https://twitter.com/i/web/status/1314283932188397568,1
https://twitter.com/i/web/status/1314283670744817668,1
https://twitter.com/i/web/status/1314282866587709441,1
https://twitter.com/i/web/status/1314282588878635008,1
https://twitter.com/i/web/status/1314281337541537792,1
https://www.lesechos.fr/industrie-services/immobilier-btp/0603983730651-le-chantier-de-notre-dame-une-cour-des-miracles-pour-la-cour-des-comptes-2370757.php?utm_source=Sociallymap&utm_medium=Sociallymap&utm_campaign=Sociallymap,1
http://ed.gr/cwat3,1
https://twitter.com/i/web/status/1314279476054970371,1
https://twitter.com/i/web/status/1314278226798272512,1
https://twitter.com/i/web/status/1314271978296143873,1
https://twitter.com/i/web/status/1314269485407244288,1
https://twitter.com/i/web/status/1314269093860569089,1
https://twitter.com/i/web/status/1314265886832893952,1
https://twitter.com/i/web/status/1314260518841049091,1
https://twitter.com/i/web/status/1314259318250909697,1
https://twitter.com/i/web/status/1314257060054302720,1
https://twitter.com/i/web/status/1314254488706916352,1
https://twitter.com/i/web/status/1314254124452507649,1
https://twitter.com/i/web/status/1314253641121894400,1
https://twitter.com/i/web/status/1314253071531290626,1
https://dx2020re.peatix.com/,1
https://twitter.com/i/web/status/1314250520417234947,1
https://twitter.com/i/web/status/1314249199454572544,1
https://twitter.com/i/web/status/1314247699508555776,1
https://twitter.com/i/web/status/1314245435247165453,1
https://placetech.net/products/rentprofile-unveils-onboarding-to-speed-up-tenant-checks/,4
https://twitter.com/i/web/status/1314242921911197696,1
https://buff.ly/3joahDQ,1
https://twitter.com/i/web/status/1314242404648706049,1
https://twitter.com/i/web/status/1314242148695445506,1
https://twitter.com/i/web/status/1314241866074857472,1
https://twitter.com/i/web/status/1314241831207661573,1
https://twitter.com/i/web/status/1314241786244718592,1
https://twitter.com/i/web/status/1314240641908473856,1
https://twitter.com/i/web/status/1314237459308457984,1
https://twitter.com/i/web/status/1314237022236745728,1
https://twitter.com/i/web/status/1314236749745328129,1
https://twitter.com/i/web/status/1314236387722506240,1
https://therealdeal.com/2020/10/06/fifth-wall-launches-118m-european-proptech-fund/,1
https://twitter.com/i/web/status/1314235969542017024,1
https://twitter.com/i/web/status/1314235484273627136,1
https://twitter.com/i/web/status/1314235357211181056,1
https://twitter.com/i/web/status/1314235139367464967,1
http://ow.ly/OrHJ50BLbhF,5
https://twitter.com/i/web/status/1314233181542002694,1
https://twitter.com/i/web/status/1314232662131961857,1
https://twitter.com/i/web/status/1314232566942228481,1
https://twitter.com/i/web/status/1314231409154949122,1
http://bit.ly/3d8JxES,1
https://twitter.com/i/web/status/1314230849597059073,1
https://twitter.com/i/web/status/1314230618755129348,1
https://twitter.com/i/web/status/1314230617891106816,1
https://twitter.com/i/web/status/1314227844818628609,1
https://twitter.com/i/web/status/1314226747504820224,1
https://twitter.com/i/web/status/1314226696044904448,1
https://twitter.com/i/web/status/1314226548275204098,1
https://twitter.com/i/web/status/1314221498148753408,1
https://www.youtube.com/watch?v=jAGNDTAqdHk,1
http://bit.ly/CARRE_FLORA_tranche_12,1
https://twitter.com/i/web/status/1314220284690477059,1
https://twitter.com/i/web/status/1314220151139708928,1
https://twitter.com/i/web/status/1314219814630707200,1
https://twitter.com/i/web/status/1314219130682302464,1
https://twitter.com/i/web/status/1314216749378625536,1
https://twitter.com/i/web/status/1314215582678482955,1
http://feedproxy.google.com/~r/Techcrunch/~3/DOt4MPa_A-0/,1
https://twitter.com/SianEnglish_/status/1314155175880339457,1
https://twitter.com/i/web/status/1314211912125571073,1
https://twitter.com/i/web/status/1314211141711654913,1
https://twitter.com/i/web/status/1314209292682031105,1
https://twitter.com/i/web/status/1314209024334721028,1
https://twitter.com/i/web/status/1314208805283012609,1
https://twitter.com/i/web/status/1314208216381747205,1
http://ow.ly/7ood50BLIu7,1
https://twitter.com/i/web/status/1314207690122424321,1
https://twitter.com/i/web/status/1314205220696543237,1
https://twitter.com/i/web/status/1314204736782917637,1
https://twitter.com/i/web/status/1314204406687035393,1
https://twitter.com/i/web/status/1314204362068029440,1
https://twitter.com/i/web/status/1314204198708244480,1
https://twitter.com/i/web/status/1314203905094344711,1
https://twitter.com/i/web/status/1314203407675056128,1
https://twitter.com/i/web/status/1314202543195529220,1
https://twitter.com/i/web/status/1314202539047284739,1
https://twitter.com/i/web/status/1314197839891689476,1
https://twitter.com/i/web/status/1314197628519886849,1
https://twitter.com/i/web/status/1314197103766384641,1
https://bit.ly/3iPHbMB,1
https://twitter.com/i/web/status/1314196815575736320,1
https://twitter.com/i/web/status/1314196534519631872,1
https://twitter.com/i/web/status/1314196460817256448,1
https://twitter.com/i/web/status/1314196413299916805,1
https://twitter.com/i/web/status/1314194776862924802,1
https://twitter.com/i/web/status/1314194771259392001,1
https://twitter.com/i/web/status/1314192224616357888,1
https://twitter.com/i/web/status/1314191806247038976,1
https://assetti.pro/assetti-and-online-real-assets-start-proptech-partnership-in-cee/,1
https://twitter.com/i/web/status/1314190085085110272,1
https://www.leparisien.fr/immobilier/ile-de-france-et-si-vous-produisiez-de-l-electricite-grace-a-votre-toit-28-09-2020-8393004.php?utm_source=Sociallymap&utm_medium=Sociallymap&utm_campaign=Sociallymap,1
https://twitter.com/i/web/status/1314190002067251200,1
https://twitter.com/i/web/status/1314189309466087425,1
https://twitter.com/i/web/status/1314189132164411400,1
https://twitter.com/i/web/status/1314189048924303360,1
https://twitter.com/i/web/status/1314187554145611778,1
https://business.lesechos.fr/entrepreneurs/financer-sa-creation/0603927440153-proptech-axeleo-capital-finance-les-start-up-de-l-immobilier-et-du-btp-340108.php?utm_source=Sociallymap&utm_medium=Sociallymap&utm_campaign=Sociallymap,1
https://twitter.com/i/web/status/1314186296047304709,1
https://twitter.com/i/web/status/1314186257833103362,1
https://twitter.com/i/web/status/1314183164827443200,1
https://twitter.com/i/web/status/1314182393000009732,1
https://twitter.com/i/web/status/1314182002266996736,1
https://twitter.com/i/web/status/1314181327764303874,1
https://twitter.com/i/web/status/1314181307988152321,1
https://bit.ly/3jHnWpn,1
https://twitter.com/i/web/status/1314180149299027968,1
https://twitter.com/i/web/status/1314180147453538305,1
https://twitter.com/i/web/status/1314179346563657728,1
https://twitter.com/i/web/status/1314178098204741633,1
https://twitter.com/i/web/status/1314177036018159616,1
https://twitter.com/i/web/status/1314174430059388928,1
https://twitter.com/i/web/status/1314171226097676294,1
http://dlvr.it/Rj6lmN,2
https://www.proptechhouse.eu/how-the-state-of-the-union-address-relates-to-proptech/,1
https://twitter.com/i/web/status/1314166929905659904,1
https://twitter.com/i/web/status/1314165066787434497,1
https://twitter.com/i/web/status/1314164650041389063,1
https://twitter.com/i/web/status/1314163646256361472,1
https://twitter.com/i/web/status/1314162860189196288,1
https://twitter.com/i/web/status/1314162624704045056,1
https://twitter.com/i/web/status/1314162091444625409,1
https://twitter.com/i/web/status/1314160833702834179,1
https://twitter.com/i/web/status/1314159353734275073,1
https://twitter.com/i/web/status/1314158848706596867,1
https://twitter.com/i/web/status/1314157611739160576,1
http://www.propertyfundsworld.com/2020/10/06/290533/bnp-paribas-real-estate-backs-fifth-wall-launch-first-european-proptech-fund,2
https://twitter.com/i/web/status/1314157382059077634,1
https://twitter.com/i/web/status/1314157093365186560,1
https://twitter.com/i/web/status/1314156689227223040,1
https://twitter.com/i/web/status/1314156519555059712,1
https://twitter.com/i/web/status/1314154663286108160,1
https://twitter.com/i/web/status/1314154520977514501,1
http://twib.in/l/XB84AX7MLrLo,1
https://twitter.com/i/web/status/1314153506606116866,1
https://twitter.com/Built_ID/status/1310913611901136898,1
https://twitter.com/i/web/status/1314149825387130882,1
https://twitter.com/i/web/status/1314148546447388673,1
https://twitter.com/i/web/status/1314147737710010368,1
https://twitter.com/i/web/status/1314147519857930240,1
http://bit.ly/2G2HypI,1
https://twitter.com/i/web/status/1314143499487449088,1
https://twitter.com/i/web/status/1314142013244268544,1
https://twitter.com/i/web/status/1314139743500873731,1
https://twitter.com/i/web/status/1314139127147884545,1
https://twitter.com/i/web/status/1314139021937909760,1
https://twitter.com/i/web/status/1314138489643053056,1
https://www.konii.de/news/scoperty-schliesst-finanzierungsrunde-erfolgreich-ab-und-sichert-sich-siebenstelliges-investment-202010087871,1
https://twitter.com/i/web/status/1314137836174692354,1
https://twitter.com/i/web/status/1314137418988220417,1
https://twitter.com/i/web/status/1314135979347906560,1
https://twitter.com/i/web/status/1314134468937093120,1
https://twitter.com/i/web/status/1314133434130808837,1
https://twitter.com/i/web/status/1314132203165618177,1
https://bit.ly/3d8CYCg,1
https://twitter.com/i/web/status/1314130931960221697,1
https://twitter.com/i/web/status/1314129387680419841,1
https://twitter.com/i/web/status/1314128588896116736,1
https://twitter.com/i/web/status/1314128525797003265,1
https://twitter.com/i/web/status/1314127687888392192,1
http://twib.in/l/kXz9BnnjB6eL,1
https://twitter.com/i/web/status/1314125388864540672,1
https://twitter.com/i/web/status/1314124011488587776,1
https://twitter.com/i/web/status/1314122774424809477,1
https://twitter.com/i/web/status/1314122665389707264,1
https://twitter.com/i/web/status/1314122363995336704,1
https://twitter.com/i/web/status/1314121131989893121,1
https://twitter.com/i/web/status/1314121018034647040,1
https://twitter.com/i/web/status/1314120873377443841,1
https://twitter.com/i/web/status/1314120195867369473,1
https://twitter.com/i/web/status/1314119455555940352,1
https://twitter.com/i/web/status/1314115715314733056,1
https://twitter.com/clixifix/status/1313108185637629952,1
https://twitter.com/i/web/status/1314115060680347648,1
https://twitter.com/i/web/status/1314114568155803654,1
https://twitter.com/i/web/status/1314114088453185539,1
https://twitter.com/TCW_01/status/1314110212341727232,3
https://buff.ly/3n4K9zX,1
https://twitter.com/i/web/status/1314113461912207360,1
https://twitter.com/i/web/status/1314113365221011457,1
https://twitter.com/i/web/status/1314108679998898177,1
https://twitter.com/i/web/status/1314107220448215041,1
https://www.manilarepublic.com/meet-the-alpha-women-behind-singapores-leading-proptech-company-ohmyhome/16017/,1
https://lnkd.in/dVkJWTj,1
https://lnkd.in/d4ZJbSJ,1
https://ift.tt/36Q4a7w,1
https://twitter.com/i/web/status/1314104675722035200,1
https://business.lesechos.fr/entrepreneurs/financer-sa-creation/0603927440153-proptech-axeleo-capital-finance-les-start-up-de-l-immobilier-et-du-btp-340108.php#xtor=CS1-35,1
http://www.proptechswitzerland.com,5
https://twitter.com/i/web/status/1314103370156826624,1
http://Viviendea.com,1
https://twitter.com/i/web/status/1314102028054953984,1
https://www.lettingagenttoday.co.uk/breaking-news/2020/10/proptech-link-up-means-more-virtual-tour-options-for-agents,2
https://sbee.link/qa6bxrhc94,1
https://twitter.com/i/web/status/1314098255987441664,1
https://twitter.com/i/web/status/1314094437589544966,1
https://bitly.com/30ElsRl,1
https://fintechnews.ch/insurtech/baloise-adds-proptech-startup-houzy-to-its-expanding-home-ecosystem/39523/,1
https://twitter.com/i/web/status/1314092149890310144,1
https://twitter.com/i/web/status/1314090649843462144,1
https://twitter.com/i/web/status/1314085829002833920,1
https://buff.ly/36jYtPh,1
https://twitter.com/i/web/status/1314065738035064832,1
https://twitter.com/i/web/status/1314059217905442816,1
https://twitter.com/i/web/status/1314051547018326017,1
https://twitter.com/i/web/status/1314047198439538688,1
https://www.raconteur.net/infographics/the-growing-importance-of-proptech/,1
http://tweetedtimes.com/7GTech?s=tnp,1
https://twitter.com/i/web/status/1314026751740178432,1
http://ptix.at/oYJKSW,1
https://twitter.com/i/web/status/1314022888459112450,1
https://twitter.com/i/web/status/1314021949174149121,1
https://twitter.com/i/web/status/1314021592343564289,1
https://twitter.com/i/web/status/1314018990105260032,1
https://twitter.com/i/web/status/1314008863054737408,1
https://twitter.com/i/web/status/1314006874958823431,1
https://twitter.com/engadgetjp/status/1313967645952217088,1
https://twitter.com/i/web/status/1313981854265962497,1
https://twitter.com/i/web/status/1313977921674121218,1
https://twitter.com/i/web/status/1313975372564910081,1
https://twitter.com/i/web/status/1313975198752952322,1
https://twitter.com/i/web/status/1313966253355270144,1
https://twitter.com/i/web/status/1313962419396452352,1
https://business.lesechos.fr/entrepreneurs/financer-sa-creation/0603927440153-proptech-axeleo-capital-finance-les-start-up-de-l-immobilier-et-du-btp-340108.php#xtor=CS1-3046,1
https://twitter.com/i/web/status/1313959465201397763,1
http://ed.gr/cwat4,4
https://twitter.com/i/web/status/1313955856413863941,1
https://twitter.com/i/web/status/1313951457100660742,1
https://twitter.com/i/web/status/1313948469208346625,1
https://twitter.com/i/web/status/1313942704729001984,1
https://twitter.com/i/web/status/1313941612439973890,1
https://twitter.com/i/web/status/1313940965657378816,1
https://twitter.com/i/web/status/1313937816213229569,1
https://twitter.com/i/web/status/1313936465399668736,1
https://twitter.com/i/web/status/1313932242679410688,1
https://twitter.com/i/web/status/1313932114228850688,1
https://qoo.ly/38j6pz,1
https://twitter.com/i/web/status/1313931435351445507,1
https://twitter.com/i/web/status/1313931095784579072,1
https://twitter.com/i/web/status/1313930285487190021,1
https://twitter.com/i/web/status/1313930052590096385,1
https://twitter.com/i/web/status/1313927776991404032,1
https://twitter.com/i/web/status/1313926806160973824,1
https://twitter.com/i/web/status/1313924598866509826,1
https://www.uktech.news/news/proptech-startup-mashroom-which-delivers-an-end-to-end-automated-lettings-and-property-management-service-raised-4m-gbp-20200807,2
https://twitter.com/i/web/status/1313923306588909569,1
https://twitter.com/i/web/status/1313923147155021825,1
https://www.viafirma.com/blog-xnoccio/es/firma-digital-inmobiliario/,1
https://twitter.com/i/web/status/1313921544058437632,1
http://immobilier.lefigaro.fr/article/les-surfaces-et-les-prix-des-logements-font-le-grand-ecart-en-ile-de-france_b47eb776-03d6-11eb-838a-8e10c67d2f48/?utm_source=Sociallymap&utm_medium=Sociallymap&utm_campaign=Sociallymap,1
https://twitter.com/i/web/status/1313918604740624385,1
https://twitter.com/i/web/status/1313918228729528320,1
https://twitter.com/i/web/status/1313917257827979265,1
https://twitter.com/i/web/status/1313917114932228097,1
https://my.demio.com/ref/iMUwGV8LNNVSsyqs,1
https://www.builtincolorado.com/2020/10/05/engrain-raises-3m-seed,1
https://twitter.com/i/web/status/1313905716877549568,1
https://www.mapzot.com/,1
https://www.bloomberg.com/news/features/2020-10-06/is-rebuilding-in-fire-prone-areas-worth-it-homebound-thinks-so,1
https://www.propmodo.com/how-the-pandemic-has-impacted-amenitizing-childcare/,1
https://twitter.com/i/web/status/1313900181843181569,1
https://twitter.com/i/web/status/1313897125680312320,1
https://buff.ly/3iFXzPA,1
http://blgs.co/zU9-O9,1
https://twitter.com/i/web/status/1313894608443568129,1
https://twitter.com/i/web/status/1313892863105806336,1
https://twitter.com/i/web/status/1313892538231611392,1
https://twitter.com/i/web/status/1313891588452478976,1
https://twitter.com/i/web/status/1313889817969786881,1
https://twitter.com/i/web/status/1313887023116189696,1
https://twitter.com/i/web/status/1313886964081397761,1
https://twitter.com/i/web/status/1313886873052483584,1
https://twitter.com/i/web/status/1313885568271609857,1
https://twitter.com/i/web/status/1313885561992679428,1
https://twitter.com/i/web/status/1313883738367946752,1
https://hubs.li/H0xv3nf0,1
https://twitter.com/i/web/status/1313883281973272576,1
https://www.estateagenttoday.co.uk/breaking-news/2020/10/proptech-today-the-challenge-with-ibuyers,7
https://twitter.com/i/web/status/1313882316079616000,1
http://ow.ly/6mw850BMiio,1
https://twitter.com/i/web/status/1313881126025523206,1
https://twitter.com/reactproperty/status/1313872991139356678,1
https://HighlandPartners.REveo.co/ondemand/13vKCuRWHwWzo5gAydh26pl5xN5O4452P,1
https://twitter.com/i/web/status/1313880268273381376,1
https://buff.ly/2Gp8Upv,1
https://twitter.com/i/web/status/1313880021350612998,1
https://twitter.com/i/web/status/1313879303185195009,1
https://twitter.com/i/web/status/1313879097840488448,1
https://HighlandPartners.REveo.co/Z1BFe4-xGO_XVNLUX4tovAIHM-BNNTvhL,1
https://twitter.com/i/web/status/1313878965656854529,1
https://twitter.com/i/web/status/1313878779417317382,1
https://twitter.com/i/web/status/1313877650289635333,1
https://twitter.com/i/web/status/1313876996062150662,1
https://twitter.com/VendorAlley/status/1313870495952101378,2
https://replug.link/19cb6780,1
https://twitter.com/i/web/status/1313874261862346752,1
https://twitter.com/i/web/status/1313872622396997634,1
https://twitter.com/i/web/status/1313872289058959361,1
https://therealdeal.com/2020/10/06/fifth-wall-launches-118m-european-proptech-fund/?utm_medium=social&utm_source=twitter&utm_campaign=single_content_share,2
https://twitter.com/i/web/status/1313869911043837952,1
https://twitter.com/i/web/status/1313869400257318912,1
https://twitter.com/i/web/status/1313868868931260416,1
https://twitter.com/i/web/status/1313868277035208710,1
https://twitter.com/i/web/status/1313867574288027650,1
https://twitter.com/i/web/status/1313866042331082752,1
https://twitter.com/i/web/status/1313864361950302208,1
https://twitter.com/i/web/status/1313860920389578753,1
https://twitter.com/i/web/status/1313860641069899780,1
https://twitter.com/i/web/status/1313859640275472390,1
https://twitter.com/i/web/status/1313857770744016901,1
http://ow.ly/dBae30rdFC7,2
https://twitter.com/i/web/status/1313856609974534144,1
https://twitter.com/i/web/status/1313854655999422469,1
https://twitter.com/i/web/status/1313854604677984256,1
https://twitter.com/i/web/status/1313854438122102784,1
https://twitter.com/i/web/status/1313853124201848832,1
http://dlvr.it/Rj2LdG,2
https://twitter.com/i/web/status/1313851595629768706,1
https://twitter.com/i/web/status/1313849078246068224,1
https://HighlandPartners.REveo.co/oVauM69bgeoKRgvqjlyJ4QhztFB_kjH_3,1
https://twitter.com/i/web/status/1313848287108034563,1
https://twitter.com/i/web/status/1313845532213866496,1
https://twitter.com/i/web/status/1313844417992765440,1
https://twitter.com/i/web/status/1313843682773172225,1
https://twitter.com/i/web/status/1313842024966164480,1
https://twitter.com/i/web/status/1313841788826931200,1
https://twitter.com/i/web/status/1313841514867568640,1
https://twitter.com/i/web/status/1313841511537221634,1
https://twitter.com/i/web/status/1313841504708972544,1
http://ow.ly/EVap50BKHrc,1
https://twitter.com/i/web/status/1313840127249182723,1
https://qoo.ly/38iy8u,1
https://twitter.com/i/web/status/1313839606123687936,1
https://twitter.com/i/web/status/1313839534950449152,1
https://twitter.com/i/web/status/1313839238283132929,1
https://twitter.com/i/web/status/1313838136854749184,1
https://twitter.com/i/web/status/1313836870078472193,1
https://twitter.com/i/web/status/1313836662166822913,1
https://twitter.com/i/web/status/1313836495015481345,1
https://twitter.com/i/web/status/1313836420008738816,1
https://buff.ly/33dt8vp,1
https://twitter.com/i/web/status/1313834723182026753,1
https://twitter.com/i/web/status/1313834206150234114,1
https://twitter.com/i/web/status/1313834177977110534,1
https://twitter.com/i/web/status/1313834130367537152,1
https://twitter.com/i/web/status/1313834060985360384,1
https://twitter.com/i/web/status/1313833880588292097,1
https://twitter.com/i/web/status/1313832995422384128,1
https://twitter.com/i/web/status/1313832426209239042,1
https://twitter.com/i/web/status/1313832271531606017,1
https://twitter.com/i/web/status/1313831785999073281,1
https://twitter.com/i/web/status/1313831256279441408,1
https://zephyrnet.com/how-proptech-is-evolving-within-the-property-industry/,1
https://twitter.com/i/web/status/1313826797952401411,1
https://twitter.com/i/web/status/1313826700648755200,1
https://twitter.com/i/web/status/1313826654263734272,1
https://buff.ly/3ngOksu,1
https://twitter.com/i/web/status/1313826518938923009,1
https://twitter.com/i/web/status/1313826495261933568,1
https://twitter.com/i/web/status/1313826006067826688,1
https://twitter.com/i/web/status/1313825179072557058,1
https://twitter.com/i/web/status/1313825103650586626,1
https://twitter.com/i/web/status/1313821762010918917,1
https://twitter.com/i/web/status/1313820130871332864,1
https://twitter.com/i/web/status/1313820021521604609,1
https://twitter.com/i/web/status/1313819095817744392,1
https://twitter.com/i/web/status/1313818688408166402,1
https://twitter.com/i/web/status/1313818190980419590,1
https://www.arnecc.gov.au/__data/assets/pdf_file/0005/1508765/ministerial-direction-econveyancing-market-structure.pdf,1
https://twitter.com/i/web/status/1313816231288483840,1
https://www.cityam.com/new-90m-fund-chases-proptech-startups-across-uk-and-europe/,2
https://twitter.com/i/web/status/1313816053458366465,1
https://twitter.com/i/web/status/1313815123346305024,1
https://elreferente.es/ecosistema/proptech-casavo-adquiere-startup-tours-virtuales-realisti/,1
https://twitter.com/i/web/status/1313811601225650176,1
https://twitter.com/i/web/status/1313811489472622592,1
https://twitter.com/i/web/status/1313809741265678337,1
https://trib.al/FmfSu4T,1
https://twitter.com/i/web/status/1313808424606416898,1
https://trib.al/UckQC4K,1
https://twitter.com/inviertis/status/1313783627923193856,2
https://twitter.com/i/web/status/1313805030898782209,1
https://twitter.com/i/web/status/1313804238791872512,1
https://twitter.com/i/web/status/1313803796062130182,1
http://my.sociabble.com/UmXToFWzimqx,1
https://twitter.com/i/web/status/1313801126484025344,1
https://twitter.com/i/web/status/1313800294942355456,1
https://twitter.com/i/web/status/1313798871001239552,1
https://twitter.com/i/web/status/1313796980611657728,1
https://twitter.com/i/web/status/1313796314556178434,1
http://bit.ly/3jCB13z,1
https://twitter.com/i/web/status/1313794670481362944,1
https://twitter.com/i/web/status/1313793403784753153,1
https://twitter.com/i/web/status/1313789263478239233,1
https://twitter.com/i/web/status/1313788592037277696,1
https://twitter.com/i/web/status/1313783627923193856,1
https://twitter.com/i/web/status/1313780594145361920,1
https://twitter.com/i/web/status/1313780124832145416,1
https://twitter.com/i/web/status/1313779902106267649,1
https://twitter.com/i/web/status/1313779100738351104,1
https://twitter.com/i/web/status/1313778339086315520,1
https://twitter.com/i/web/status/1313777841138475009,1
https://twitter.com/i/web/status/1313775962509639680,1
https://twitter.com/i/web/status/1313775434891505665,1
https://twitter.com/i/web/status/1313775311981510656,1
https://buff.ly/3iH83hw,3
https://twitter.com/i/web/status/1313774039740166144,1
https://twitter.com/i/web/status/1313773613745569792,1
https://twitter.com/i/web/status/1313772850457858048,1
https://twitter.com/i/web/status/1313770928250249216,1
https://twitter.com/i/web/status/1313770287763279872,1
https://twitter.com/i/web/status/1313769919666892800,1
https://twitter.com/i/web/status/1313768392667664384,1
https://twitter.com/i/web/status/1313767874641760258,1
https://twitter.com/i/web/status/1313766310397050880,1
https://twitter.com/i/web/status/1313766109405802497,1
https://twitter.com/i/web/status/1313764196505595906,1
https://twitter.com/i/web/status/1313761881656643584,1
https://twitter.com/Maxeem_fr/status/1313760317151891465,1
https://twitter.com/i/web/status/1313760182007197696,1
https://twitter.com/i/web/status/1313760164005240832,1
https://twitter.com/i/web/status/1313758462564806659,1
https://twitter.com/i/web/status/1313756225033601024,1
http://ow.ly/3J4T50BLKuD,1
https://twitter.com/i/web/status/1313754218759630848,1
https://twitter.com/i/web/status/1313753072762404864,1
https://buff.ly/3cKR2Bz,2
https://twitter.com/i/web/status/1313752560075976704,1
http://zpr.io/HAeak,1
https://twitter.com/i/web/status/1313751185766133761,1
https://twitter.com/i/web/status/1313751113728835584,1
https://twitter.com/i/web/status/1313751028785971200,1
https://twitter.com/i/web/status/1313751003087474688,1
https://twitter.com/i/web/status/1313750914033881089,1
https://twitter.com/i/web/status/1313750450991230976,1
https://twitter.com/HaahrMarianne/status/1313383268507582464,1
https://www.unissu.com/proptech-resources/the-effect-of-covid-19-on-the-blockchain-industry,1
https://twitter.com/i/web/status/1313747154603827200,1
https://twitter.com/i/web/status/1313744171514159104,1
https://ift.tt/36BwtXv,1
https://zoom.us/webinar/register/WN_NM67dnNcQNuAvQn55JQXBg,1
https://twitter.com/i/web/status/1313742573891194881,1
https://business.lesechos.fr/entrepreneurs/financer-sa-creation/0603988567292-btp-materr-up-leve-3-millions-pour-reduire-l-impact-environnemental-du-batiment-340086.php#xtor=CS1-3046,1
https://twitter.com/i/web/status/1313741627912056833,1
https://www.forbes.ru/milliardery/410569-mysli-o-smerti-i-innovacii-pwc-rasskazal-o-glavnyh-strahah-i-nadezhdah?utm_source=twitter.com&utm_medium=social&utm_campaign=obladateli-bolshih-sostoyaniyu-opasayutsya-r,1
https://bit.ly/2GMienz,1
https://twitter.com/i/web/status/1313737681504022528,1
https://twitter.com/i/web/status/1313737310295400450,1
https://www.lesechos.fr/industrie-services/immobilier-btp/0604018991691-maprimerenov-un-dispositif-salue-par-les-professionnels-malgre-quelques-bemols-2371953.php?utm_source=Sociallymap&utm_medium=Sociallymap&utm_campaign=Sociallymap,1
https://twitter.com/i/web/status/1313731341834477568,1
https://twitter.com/i/web/status/1313728261969436673,1
https://twitter.com/i/web/status/1313724835332317185,1
https://twitter.com/i/web/status/1313724700942532608,1
http://ow.ly/8VZt30rdHKG,1
https://twitter.com/i/web/status/1313722664519958531,1
https://paper.li/propify_online/1513490212?read=https%3A%2F%2Fwww.pbctoday.co.uk%2Fnews%2Fplanning%2Dconstruction%2Dnews%2Fproperty%2Dprofessionals%2Dpositive%2Dabout%2Dproptech%2F42027%2F,1
https://bizcom.to/1/4ha8,2
https://twitter.com/i/web/status/1313708804857569280,1
https://twitter.com/i/web/status/1313708409326202880,1
https://twitter.com/i/web/status/1313703352463695874,1
https://twitter.com/i/web/status/1313701028748034054,1
https://twitter.com/i/web/status/1313700672467021825,1
https://twitter.com/i/web/status/1313696193139019776,1
https://twitter.com/i/web/status/1313694937658077184,1
https://www.estateagenttoday.co.uk/breaking-news/2020/10/online-market-share-revealed--with-purplebricks-way-ahead,1
https://twitter.com/i/web/status/1313667900566274048,1
https://twitter.com/i/web/status/1313661296018153472,1
https://twitter.com/i/web/status/1313660526778556417,1
https://twitter.com/concretescifi/status/1311332262131113984,1
https://twitter.com/i/web/status/1313650866788818945,1
https://ift.tt/33aVa9O,1
https://twitter.com/i/web/status/1313636635481833472,1
https://twitter.com/i/web/status/1313633647610691584,1
https://twitter.com/i/web/status/1313632870846492672,1
https://mountx.mykajabi.com/pl/223528,1
https://twitter.com/i/web/status/1313623827281309696,1
https://propertyindustryeye.com/new-online-letting-tool-for-agents/,4
https://bit.ly/3jnj2xF,1
https://twitter.com/i/web/status/1313608925082783750,1
https://twitter.com/i/web/status/1313603688703746048,1
https://twitter.com/i/web/status/1313601230539829248,1
https://therealdeal.com/sponsored/spark-offer/this-proptech-solution-gets-homes-sold-in-a-snap-or-a-spark/,1
https://twitter.com/i/web/status/1313594875888238594,1
https://twitter.com/i/web/status/1313586087952936960,1
https://snip.ly/bkbdq8,1
https://bitly.com/2SwyZWQ,1
https://twitter.com/i/web/status/1313577284411031552,1
https://twitter.com/i/web/status/1313576422951223306,1
https://twitter.com/i/web/status/1313574498881474567,1
http://dlvr.it/Rj4WqH,1
https://twitter.com/i/web/status/1313571434401198080,1
https://twitter.com/i/web/status/1313570050062913536,1
https://twitter.com/i/web/status/1313569586554564608,1
http://dlvr.it/Rj4TXD,1
https://twitter.com/i/web/status/1313567471866085377,1
https://twitter.com/i/web/status/1313567454975660034,1
https://twitter.com/i/web/status/1313565963334320134,1
https://twitter.com/i/web/status/1313560809977643009,1
https://twitter.com/i/web/status/1313560049546072073,1
https://youtu.be/3jKZm5qPuE0,1
https://twitter.com/i/web/status/1313559571663912961,1
https://twitter.com/i/web/status/1313559155735621632,1
https://www.leparisien.fr/immobilier/a-rennes-on-a-trouve-l-arme-antisquat-06-10-2020-8397621.php?utm_source=Sociallymap&utm_medium=Sociallymap&utm_campaign=Sociallymap,1
https://triarii.com.co/tecnologia/como-blockchain-puede-revolucionar-el-sector-inmobiliario/,2
https://youtu.be/n_VG2F6TtPY,1
https://twitter.com/i/web/status/1313547143320305669,1
https://www.bisnow.com/national/news/technology/facebooks-augmented-reality-glasses-could-spark-new-wave-of-proptech-106145#.X3y2KWVxiB4.twitter,1
https://nexme.com/blog/posts/6,4
https://twitter.com/i/web/status/1313542351453933570,1
https://twitter.com/i/web/status/1313540819102687232,1
https://twitter.com/i/web/status/1313540813893369856,1
https://twitter.com/i/web/status/1313540490491383809,1
https://twitter.com/i/web/status/1313539932812607488,1
https://fortune.com/2020/10/04/real-estate-covid-second-homes-zillow-veterans-vacation-houses/,1
https://ift.tt/33ADCp3,1
https://twitter.com/i/web/status/1313537438627889152,1
https://j.mp/33FxiNb,1
https://trib.al/Ial4GAJ,1
http://blgs.co/152C3d,1
https://twitter.com/i/web/status/1313532150621319168,1
https://twitter.com/i/web/status/1313530460098625536,1
https://angel.co/v/back/jonathan-wasserstrum,1
http://dlvr.it/Rj43YB,1
https://twitter.com/i/web/status/1313529256731967493,1
https://twitter.com/i/web/status/1313528798692900864,1
https://bit.ly/33Ao44A,1
https://hubs.ly/H0xv_5h0,1
https://twitter.com/i/web/status/1313528304792633346,1
https://contodapropiedad.com/ahora-mincomercio-dice-que-asambleas-virtuales-de-p-h-si-pueden-aplicar-decreto-398/,1
https://twitter.com/i/web/status/1313525105201422343,1
https://buff.ly/30DRNaY,1
https://twitter.com/i/web/status/1313524645832855552,1
https://twitter.com/i/web/status/1313524434469298176,1
https://twitter.com/i/web/status/1313521788148740098,1
https://twitter.com/i/web/status/1313520668085026816,1
https://twitter.com/i/web/status/1313520061555126273,1
https://hubs.la/H0xpvcm0,1
https://buff.ly/2S7ZktV,1
https://twitter.com/i/web/status/1313517636618194948,1
https://twitter.com/i/web/status/1313516992608063496,1
https://twitter.com/i/web/status/1313516990603112448,1
https://twitter.com/i/web/status/1313514352838934529,1
https://replug.link/4075dd10,1
https://twitter.com/i/web/status/1313511792182730760,1
https://twitter.com/i/web/status/1313511319400787969,1
https://twitter.com/i/web/status/1313510635318239232,1
https://twitter.com/i/web/status/1313508100930904065,1
https://qoo.ly/38ifdn,1
http://SavvyLane.com,1
https://twitter.com/i/web/status/1313505521488388096,1
https://twitter.com/i/web/status/1313502684452978689,1
https://twitter.com/i/web/status/1313501991608487938,1
https://twitter.com/i/web/status/1313501965549273090,1
https://twitter.com/i/web/status/1313501859773022208,1
https://twitter.com/i/web/status/1313501825535021056,1
https://twitter.com/i/web/status/1313497977290448900,1
https://twitter.com/i/web/status/1313497846528737298,1
https://twitter.com/i/web/status/1313497414729445378,1
https://twitter.com/i/web/status/1313497242154672129,1
https://twitter.com/i/web/status/1313497096394285063,1
https://twitter.com/i/web/status/1313496109587869700,1
https://twitter.com/i/web/status/1313495155505344516,1
https://twitter.com/i/web/status/1313494997904371714,1
https://twitter.com/i/web/status/1313494229583376391,1
https://www.dinero.com/emprendimiento/articulo/que-es-proptech-y-por-que-transformara-al-sector-inmobiliario/301790,2
https://anysizedealsweek.com/the-daily-ten-airlines-furlough-32k-robots-to-clean-your-house-ai-to-combat-wildfires-walmart-revamps-stores-real-estate-boom-palantir-ipo/,1
https://bit.ly/3klTEZu,4
https://twitter.com/i/web/status/1313489514774528000,1
https://twitter.com/i/web/status/1313489444398391306,1
https://twitter.com/i/web/status/1313484769263575044,1
https://twitter.com/i/web/status/1313484179447984129,1
https://twitter.com/i/web/status/1313482712896999429,1
https://twitter.com/i/web/status/1313479631052460035,1
https://twitter.com/i/web/status/1313479154751471616,1
https://bitly.com/34qGlAI,1
https://twitter.com/i/web/status/1313478127037841408,1
https://twitter.com/i/web/status/1313477612178747404,1
https://twitter.com/i/web/status/1313475665140817923,1
https://twitter.com/i/web/status/1313475561113649158,1
https://twitter.com/i/web/status/1313473595163791360,1
https://buff.ly/3cJzeXF,1
https://twitter.com/i/web/status/1313472326764294146,1
https://twitter.com/i/web/status/1313471581927149568,1
https://twitter.com/i/web/status/1313470656042930176,1
https://twitter.com/i/web/status/1313469818431913985,1
https://twitter.com/i/web/status/1313467679773200385,1
https://bit.ly/Viladecans_Barcelona,1
https://twitter.com/i/web/status/1313466036230922241,1
https://twitter.com/i/web/status/1313465359920496642,1
https://twitter.com/i/web/status/1313464263181246465,1
https://twitter.com/i/web/status/1313464162920460291,1
https://twitter.com/i/web/status/1313464102275166214,1
https://twitter.com/i/web/status/1313457776266444800,1
https://twitter.com/i/web/status/1313457677872242694,1
http://bit.ly/2J9I99n,1
https://twitter.com/i/web/status/1313457346782416898,1
https://twitter.com/i/web/status/1313457166930542597,1
https://twitter.com/i/web/status/1313456645591232513,1
http://buildersmarketing.info/opendoor-filing-reveals-ftc-investigation-over-advertising/,1
https://twitter.com/i/web/status/1313454872839311360,1
https://twitter.com/i/web/status/1313452730220937216,1
https://twitter.com/i/web/status/1313450898576666629,1
https://twitter.com/i/web/status/1313450259889246209,1
https://twitter.com/i/web/status/1313449136092590080,1
https://twitter.com/i/web/status/1313448939937501184,1
https://twitter.com/i/web/status/1313448924422844419,1
https://twitter.com/i/web/status/1313448661842571264,1
https://twitter.com/i/web/status/1313447791151263746,1
https://twitter.com/i/web/status/1313445156184612864,1
https://twitter.com/i/web/status/1313445027469697025,1
https://proptech-appraisal-user-software-forum.mn.co/posts/8746328?utm_source=twitter,1
https://builtincolorado.com/2020/10/05/engrain-raises-3m-seed,1
https://twitter.com/i/web/status/1313443427271360512,1
https://twitter.com/i/web/status/1313441959063756807,1
https://twitter.com/i/web/status/1313441387916914689,1
https://twitter.com/i/web/status/1313440126056509440,1
https://technofaq.org/posts/2020/10/proptech-viva-la-real-estate-revolution/,1
https://app.seso.global/properties/home,1
https://twitter.com/i/web/status/1313438989148401667,1
https://twitter.com/i/web/status/1313438639565819910,1
https://twitter.com/i/web/status/1313438181396828160,1
https://www.cm-today.com/news/proptech/ods-global-wins-a-3-year-contract-for-24-towers-of-damac-properties,1
https://twitter.com/i/web/status/1313437361875886080,1
https://twitter.com/i/web/status/1313436919838183424,1
https://twitter.com/i/web/status/1313435700298166272,1
https://www.propertywire.com/news/product-launches-to-digitise-the-letting-process-for-remote-working/,1
https://twitter.com/i/web/status/1313434021142110209,1
https://twitter.com/i/web/status/1313433827646214145,1
http://dlvr.it/Rj2m5h,1
https://twitter.com/i/web/status/1313432185622409217,1
https://twitter.com/i/web/status/1313428770628481025,1
https://twitter.com/i/web/status/1313427548953554945,1
https://twitter.com/i/web/status/1313424496578228224,1
https://twitter.com/i/web/status/1313424033904553986,1
https://twitter.com/i/web/status/1313424012534571008,1
https://twitter.com/i/web/status/1313422160980041729,1
https://twitter.com/i/web/status/1313421076072935424,1
https://thenegotiator.co.uk/well-rival-rightmove-with-our-tinder-style-bills-inclusive-matching-app-says-founder/,1
https://twitter.com/i/web/status/1313421064123412480,1
https://twitter.com/i/web/status/1313419083354796032,1
https://twitter.com/i/web/status/1313418723307343873,1
https://www.leparisien.fr/immobilier/credit-immobilier-les-deputes-votent-la-resiliation-de-l-assurance-emprunteur-02-10-2020-8395995.php?utm_source=Sociallymap&utm_medium=Sociallymap&utm_campaign=Sociallymap,1
https://twitter.com/i/web/status/1313416219240824832,1
https://twitter.com/i/web/status/1313415954198528000,1
http://www.bostoncrenews.com/?read=https%3A%2F%2Fmemoori.com%2Fhealth%2Dis%2Djust%2Da%2Dfactor%2Dof%2Dwellbeing%2Dwellbeing%2Dis%2Dkey%2Dto%2Dworkplace%2Dproductivity%2Dcopy%2F,1
https://twitter.com/i/web/status/1313415632587812864,1
https://twitter.com/i/web/status/1313413534764670976,1
https://www.bisnow.com/london/news/technology/residential-blocks-today-need-to-offer-a-seamless-blend-of-uses-105966#.X3w64VLHlpg.twitter,1
https://twitter.com/i/web/status/1313411198969434112,1
https://twitter.com/i/web/status/1313410859612418049,1
https://twitter.com/i/web/status/1313410408213078023,1
https://twitter.com/i/web/status/1313406296608120832,1
https://twitter.com/i/web/status/1313406102910963712,1
https://twitter.com/i/web/status/1313405888653340672,1
https://twitter.com/i/web/status/1313405731211816961,1
https://twitter.com/i/web/status/1313405346124304384,1
https://twitter.com/i/web/status/1313405035313856512,1
https://twitter.com/i/web/status/1313404209723777025,1
https://twitter.com/i/web/status/1313403737361256449,1
https://twitter.com/i/web/status/1313403149055668224,1
https://twitter.com/i/web/status/1313402651304960000,1
http://twib.in/l/y4g8KprM9Mob,1
https://twitter.com/i/web/status/1313402437672284166,1
https://twitter.com/i/web/status/1313399351293759488,1
https://twitter.com/i/web/status/1313397720078585856,1
https://s.hbr.org/2HTfzJn,1
https://twitter.com/i/web/status/1313396132152774658,1
https://twitter.com/i/web/status/1313396092655071232,1
https://twitter.com/i/web/status/1313394684576903168,1
https://buff.ly/2GuSso7,1
https://twitter.com/i/web/status/1313392334483136512,1
https://twitter.com/i/web/status/1313392314316984321,1
https://bit.ly/3l9G4sy,2
https://twitter.com/i/web/status/1313390244264316929,1
http://dlvr.it/Rj20sv,4
https://twitter.com/i/web/status/1313388620259221504,1
https://buff.ly/30egeM6,1
https://twitter.com/i/web/status/1313388527468646400,1
https://ift.tt/30DO8K9,3
https://spotfolio.com/2020/09/21/proptech-fintech-corefihub-uberzeugt-investoren-und-erhalt-finanzierung/,1
https://www.seattletimes.com/business/real-estate/real-estate-brokerage-compass-buys-seattle-startup-modus-in-move-that-boosts-competition-with-zillow-and-redfin/,1
https://twitter.com/i/web/status/1313384076838137859,1
https://twitter.com/i/web/status/1313380625886392323,1
https://www.ejeprime.com/empresa/kasaz-cierra-una-ronda-de-11-millones-y-prepara-otra-de-hasta-diez-millones-para-2021.html,1
https://twitter.com/i/web/status/1313380344922603520,1
http://dlvr.it/Rj26sG,1
https://twitter.com/i/web/status/1313379245159112704,1
https://twitter.com/Realproptech/status/1311240676558987264,1
https://twitter.com/i/web/status/1313374079915880448,1
https://twitter.com/i/web/status/1313373490183958528,1
https://twitter.com/i/web/status/1313372112875257856,1
https://twitter.com/i/web/status/1313369366549856256,1
https://buff.ly/3iBevXe,1
http://dlvr.it/Rj1zGM,1
https://twitter.com/i/web/status/1313366147828535296,1
https://twitter.com/i/web/status/1313365967771242496,1
https://twitter.com/i/web/status/1313364899117051904,1
https://twitter.com/i/web/status/1313358361325436930,1
https://twitter.com/i/web/status/1313340962333233158,1
https://twitter.com/i/web/status/1313338650009034752,1
https://twitter.com/i/web/status/1313334231074922498,1
https://twitter.com/i/web/status/1313325663345090560,1
https://twitter.com/i/web/status/1313307995086950403,1
https://twitter.com/i/web/status/1313305476558475264,1
https://www.orionstartups.com/research/the-state-of-proptech-in-mexico,1
https://twitter.com/i/web/status/1313304812193148931,1
https://twitter.com/i/web/status/1313304112356896773,1
https://twitter.com/i/web/status/1313298117534588928,1
https://twitter.com/i/web/status/1313295950689914880,1
https://www.bricksave.com/es/noticias/why-women-should-invest/,1
https://commercialobserver.com/2020/10/proptech-check-renters-landlords-demand-touchless-entry-building-management/,1
https://twitter.com/i/web/status/1313284574324035585,1
https://twitter.com/i/web/status/1313282834132541440,1
https://landlordgurus.com/payrent-vs-cozy-rent-payment-for-landlords/,1
https://twitter.com/i/web/status/1313279920244617217,1
https://twitter.com/i/web/status/1313278478746345474,1
https://j.mp/2Gzoxeh,1
https://shar.es/ab94ZR,1
https://twitter.com/i/web/status/1313266520412233728,1
https://twitter.com/i/web/status/1313263414668558336,1
https://twitter.com/i/web/status/1313254897404514304,1
https://www.elperiodico.com/es/empresa/20201005/las-empresas-inmobiliarias-apuestan-por-la-digitalizacion-8137793?utm_source=twitter&utm_medium=social&utm_campaign=btn-share,1
https://twitter.com/i/web/status/1313237532537053185,1
https://twitter.com/i/web/status/1313229514760237059,1
https://twitter.com/i/web/status/1313226828119711744,1
https://blog.stacksource.com/announcing-the-stacksource-browser-extension-92dc87ae7705,1
https://bit.ly/2I0gRCA,1
http://virtualrealitytimes.com/2020/09/27/osso-vr-raised-14-million-for-vr-surgical-training/,1
https://ift.tt/3cZCdvn,1
