User,Freq
thelandsite,1
ShelliTrung,1
Infabode,5
josepjorge,3
AppartMaisonCOM,3
Julienwatry,9
AgenciaMdi,3
JeanMarc_Reca,1
crowdwithus,2
OFImmo,3
Mike_Empirelpm,6
PropertyDanH,5
landlord123my,2
consortia_eric,4
GlenFrost,1
immoweek,1
cybcath,1
infoparcelle,5
EstateBadger,5
VTUK,6
whiterabbites,1
Gesvalt,14
BrainsreNews,2
rocioruizsa,2
FundsnewsBM,1
PBImmoweek,1
Sonneilhomes,4
Space4Europe,2
spanishproptech,10
BaboonLab,1
annademyre,14
bolsamania,1
RevistaMetros2,1
aequius,15
ProptechList,24
CBarelles,7
invemed,1
Adn_Realty,1
housingtech,8
BIDXONE,1
EAToday,2
DataAugmented,3
allthings_here,2
INSPIRE__YOUNG,1
VicinityLiving,1
Mallcommapp,8
EelpTex,7
cretech,55
propacity_re,1
Adarajas_es,3
investortoday,1
AssettiSW,6
cbreproptech,4
UKProptech,44
Official_black0,1
EURO_FUNDING,1
Ch_E_Hughes,2
Andy_S_PropTech,1
antonyslumbers,4
HF_Today,2
Qobrix_,4
Proptech_Cap,5
InversionMadrid,1
StudyUCEM,2
finance_commu,1
EjePrime,3
tabogacn,1
prhbrown,1
REDFoundation_,2
AdsDulantoScott,1
Negocioinmo,2
SmartViewing,2
circulogalicia,4
ToolboxChloe,3
ABondiguel,1
ESAbusinessapps,2
rodelflordeliz,1
Architrave_GmbH,2
BritBIM,3
GaleoImmo,4
ElReferente,2
PropertyVoiceUK,2
AOProptech,7
AFoatelli,1
CBRE_ES,2
realfundtokens,4
smonicats,2
Inmoclip,2
businessimmo,1
FrontDoorEst,1
josegarciacabal,2
sandradaza_ds,5
faichelbaum,1
stu73,2
chidambara09,14
thijsvieleers,1
viviendea,4
Neil_BIM,2
QualisFlow,1
JustRetail_news,1
dezrezsoftware,2
mcaramesperez,1
MoneyCompass1,1
offr_property,3
Realproptech,1
PrinexRE,6
HomesellerEs,3
BremenStartups,1
territoriobtc,2
bathbadger,3
AsocFeriasEsp,1
abbattprop,1
AlHayyatGroup,1
aurelienjh,1
URW_LAB,2
AreaHQ_,1
lukerl,1
TechinAsia_ID,1
j_collet,1
ProptechFinder,3
Claudia_GMan,1
Lynks_Estates,3
tolaadesanmi,1
LoriRedwine4,1
miles_mjm,1
DirectlySourced,1
rufilan,1
OtunbaSho,1
OdunEweniyi,1
chineduhova,1
IamGuillemPons,1
Lagosrefest,1
FinnovatingHub,5
Claire_PennyTay,2
METR_BMS,3
haltian,1
BCO_NextGen,2
javiredondo22,1
Habiteo_global,7
Biz_Property,1
TotalityRE,2
sabrina_scara,3
fn_fernandez,1
iRestify,6
WIRES_Spain,1
drkierachapman,1
EnisSliti,3
fcivitillo,5
forochatiberoa1,6
enricomolinari,5
botnowa,4
TaitPlanning,1
kumicumz,1
Ababio48538586,1
FAB_RealEstate,3
alfredodam,15
immonexHQ,1
AFernandezAller,1
inverisHQ,1
ProptechLatam,13
goodwinlaw,3
LocaleLtd,5
getmyre,2
AlainWanderings,1
AndyHorvitz,1
BIMCAEIcepick,2
sinzubaba,1
REveoApp,6
SNNProperties,1
AkankeBillions,1
andres_leal7,6
IAtalkspace,1
craighunter_,1
theemilykey,1
Yardi,3
JmuellerIoT,1
standardaccess,4
jpuchalt5,1
inmobiliariomes,1
HtownHamza,1
FlorenceDubern1,2
run_run_walk,1
BehrTech,7
giveagradago,1
PropTech_Europe,5
MeliberoCom,7
adnandarr,1
andy_inch1,1
proptechpr,16
nerdydragon,1
owenboswarva,3
lodess,1
REagentJOCO,1
FinLedgerNews,1
bayareawriter,1
Ramsey_Assal,2
danqsal,11
oumglobal,2
Cryptomutante,2
DealMagazin,1
Xemadeyaka14,1
RealUreru,1
Juanma_OrtegaM,1
raywatson,1
SProptech,1
CushWakeSPAIN,2
reallandhq,2
PaiviTomula,1
NedbankCIB,1
AfricaProptech,2
TechRelab,1
MartinGednyEMEA,1
PresidenteANEI,1
bim2fusedvr,2
amanda_clack,3
UrsBolt,1
ELEKTRO_01,1
selusava,1
Konii_de,7
TechEstate_Tech,9
Renager_,1
waytoawesomenes,1
GERMANYEUCOM,1
Liberkeys,1
DrewSalisbury5,1
ThePROffice,1
dasok11,1
BAGB_Abogados,1
merkmich,1
InsuranceTechIT,1
SeedFounders,4
irotom,1
biglelegal,1
Steven_jibs,1
MohhamedQazeem,1
Dave301958,2
de_benaze,2
EkasiProperties,1
Kaliti_Fr,1
Infos_HDF,1
automeme,4
LMREPropTech,2
FNCI_Immobilier,1
noovarealty,2
clooperapp,1
seedrocket,2
damienbrowne,2
CarolTallon,2
itomalondon,1
WomenInPropTech,1
carlosblanco,4
proportunity_uk,1
karenamazelow12,1
CohoHomes,3
SingaporeJobs88,1
beringarltd,1
ProptechSwiss,6
VecoByEurolink,1
badi_es,1
JoinCoadjute,3
SteveDawkins888,3
ianskip71,1
huckletree,1
loriead31330261,1
PropTechCarla,1
D0minicM0rgan,1
innomads,2
FuturewaveBIT,1
macca61,1
KristjanByfield,4
ProptechB,1
IHolmyrd,1
latechdubtp,2
Go_IoT,2
JacobusSystems,2
openboxsoftware,5
LockCarlos,5
Leverton,1
DanielWebdb,1
dr_herr,1
gdprAI,2
SharpLaunch,1
keremfndk,1
goldynyc,1
mickgrant26,2
PropertyJungle,3
cgicquel,8
ray_labs,1
BeemmoFr,2
getlono,1
farida_mezzi,2
WeXchange,1
AssetSoft,3
GetFlowPath,2
code_convention,1
mujerescarrera1,1
AlgorithmsB,1
Colliers_UK,1
ibriggiler,1
helenoreilly,2
TechAcuteCom,1
armani1977,1
bungobot1,1
propnews,2
CoStarUKeditor,1
arshadbalwa,1
Plentific,5
bruce_katz,1
VintageMaria1,1
conciergeplus,3
ricsamericas,1
enertiv,1
IOTVAST,1
littlelucy_lu,1
DickinsLouisa,6
elauwit,3
fotocasa,3
PythonExpertBot,1
Visoplan,1
MasQFacil,3
DanWCraig,2
jotasker,3
TLAPropTech,1
discoveringtech,1
GeoPhy,2
csandlund,2
truIndependence,1
ConstrumatBCN,1
euratechnologie,3
Subasta_la,1
education_24x7,3
LandNetweets,1
Ahmadtweetss,1
_futureproperty,7
Adam_Betta,1
PayProp,2
LuxuryDistricts,8
hiloapp,2
davidlabrams,3
spaceOS_tech,2
MMWorkplace,1
Camber_Creek,2
iniziar,2
iotnorth,1
engrreview,1
savvy_lane,5
Christo44516743,1
ilandalliance,1
NCFACanada,1
Plotnickinator,1
brianmaw,1
DashflowApp,4
iotvishal,5
DaveMcKenna_2,1
_aavisie,1
_aafm,1
MrJohnHJones,1
_bricksave,1
juanbareno,1
Frenchproptech,1
lee_wilkinson2,3
rentprofile,5
PitchMadness,1
calmenamx,1
followbeemx,1
thor_victor,1
AdediranDamil13,1
venbona_Deutsch,1
BetterCity,1
PortalWatch,8
InteractiveVid2,1
DealCheckApp,1
dudeebug,1
OttLegalRebels,2
PropertyRadar,3
BancaGenerali,1
eilenepearson14,1
CGF_LLC,1
CCIMWashington,3
Construction21F,1
goulstonstorrs,1
ccim,1
mlb0t,1
fintigo,1
nilskok,1
swissbusiness,1
spac_insider,1
MFEmagazine,1
HanleyWood,1
SpacGuru,1
MetaPropNYC,8
viralvideovlogs,2
landhub,1
ICscript,1
VanessaAlvarez1,2
tophapinc,2
sarahapaynter,1
uSeeHomes,3
FusionBIM,6
mchlbtts,1
joebeamday,1
CompStak,1
SocialSMktg,1
iLeads,16
goblueprint,1
evelyngcp,1
entel_empresas,1
maxm_profit,2
hubofml,1
inviertis,3
capmo_software,1
prop_tech,3
lucreci51336464,1
across_magazine,4
angiekdonati,1
MurrayBirrellUK,1
3E_renewables,1
JanCornillie,1
HiveAdvisory,1
Swellwell,1
DamiYakubu,1
Slimeech,1
badmusace,1
bimyrocky04,1
parkercj,1
kokeibanez88,1
karongaT,1
Dee_Blacka,1
TenancyStream,1
KeylandCapPLC,3
RubenBaetens,1
toluogunmola,1
DemandLogicUK,2
Luqmaneyinade,1
EEPaul,2
Timi_Toye,1
BrightSpaces3D,1
keezag,8
bogdannicoara86,2
cuengineturkey,2
Re2bit1,2
Requadro2,2
vzirnstein,2
NordicHouseNY,1
ApexMobiletech,1
hubitation,2
bloxspring,1
marley,1
brindesrj,1
caritorag,1
maryjaneOiza,1
Thirteen_Group,1
PortalAgencias,1
OnSite_Immo,1
twinview_,2
son_ofben,7
Spotfolio_News,3
NordicMade,4
kathief53096670,1
thatblokeinpr,1
MesheshaNeb,1
RealtyNXT,3
ChimniWalley,1
ThomasClone_US,4
sam11_pearl,1
ChristopherIsak,2
jasonwhutcheson,1
psengineuk,3
tierabisher6,1
propertysa,1
iamstartacus,2
MulteamFinance,1
SamMcGill_CRE,2
irrvrntVC,1
walliancefrance,3
thingssandy,4
SpaceLabDetroit,1
KapurGyan,1
magnus_s,1
JWrightSecurity,1
MeasurableUK,2
KunalTandon,1
pavlova_sylvia,1
wasi_co,1
getxspaced,1
intelligentins,1
bayarea_alexp,1
eventstet,1
StepOnePad,1
simpleflowco,1
PratimaMondal17,1
kieranhannon,3
DisruptCRE,1
rcole312,5
MennoLammers,1
ITjob8,4
mapzot,4
AlifRealty,1
LoneRooftop,1
RENXca,3
hazem_awad,1
AmySprift,1
LiveVend,1
StockNewsNow,1
isitceurope,1
MisterRedefined,1
jfjabbo,1
UP_Ventures,2
struttschester,1
JusttLit,1
CityAM,1
UwezyB,1
PMProuk,1
Totalview_media,1
allmyhomes,1
IRPMONLINE,1
KerfuffleClub,2
WhiteIain,2
onyinye_enyioha,1
sami_ghazouane,1
AlicanteOpen,5
PrimeResi,2
Property_News_,4
TheNeg,4
framence_gmbh,1
Juan_A_Lleo,1
REboxthinking,1
photoilikecom,1
LocateeCH,2
archilyse,3
mbrewer,1
NorymProperties,1
propify_online,1
Erik_is_online,2
EmHall,1
IoT_Technojeder,2
Andrew_Campling,1
MeFintech,1
FintechNewsUAE,1
LiquidityL,1
BidX1_ES,8
PropTech_Lab,2
romford11,4
JuliePierce77,1
TwitManoj9,1
PropertyTV_io,5
integraps,3
Juchtervbergen,4
ForbesRussia,1
BRSW_Paris,1
rsbk042,1
AppTrailerFish,1
gkhot,1
TR_Software,1
PropTechJapan,2
payin7,2
audiumcp,1
shunn_sakurai,2
daviddoughty,1
Ken_Sinclair,1
MichaelBleby,1
fds_info,1
AFRproperty,1
deplace_es,1
SDGsCoLab,2
SpinalCom,1
PlanetSmartCity,5
Daigo_Sat,2
EP_makers,1
kensuke_ko,1
Paul_VUCITY,1
LewisProperty,2
WRMEAMagazine,1
CMToday_Mag,1
YourOwnROOM,1
bhurtya,1
HosozawaSouki,1
NoelGroves1,7
planstack_de,1
joinajar,4
we_complete,1
alMunaikh,1
LondonCEClub,1
VillgroPH,2
finanzprodukt,4
CampaignJobsUK,1
SARBLAB3,1
Isobellwilson,1
sareb,6
FintechCH,2
blocksquare_io,2
susdigo,2
QwerteeI,1
Rahul_RPandya,1
jss_py,1
marostream1,1
buildingminds_,4
BusinessMirror,1
SVInvestorsClub,2
sensative,1
romero_carmen,5
StartupsNewsBot,3
REach_GB,2
Terri_Nova,2
seedlegals,1
ClaireGuitton1,1
RentRovi,1
MartynGould,1
rightsignal1,1
TCW_01,4
BuildingsBeyond,1
LesEchosLEE,1
fabienprevots,2
EchosLeadership,1
ryan_tcw,3
MichelleKillor1,1
realistico_es,2
SpectreSoftware,1
ICGapproved,1
DrRueckauf,1
PropChallenge,7
CisoOnlineClub,1
FeldhoffCie,6
PropTechBIZ,3
fomenti,2
iedufp,1
eng_philosopher,1
MSCinnovation,1
NIB_2015,1
propviz,1
CsuiteTechPoint,1
Seedmatch,1
NandnNor,1
nihsingapore,1
DataSocietyTW,1
CandyTech1,1
ume_kyd,1
ExplorerDale,2
adeforsan,1
SwissPropTech,5
ManilaRepublic,2
LA_Today,1
ZekaConsulting,1
fintechna,2
SueAnsarie,2
PEXA_AUSTRALIA,1
lucia_clixifix,1
arakens,1
DigitalMoveUK,3
DiscoverCREtech,4
MRISoftwareAPAC,5
BonifaceNamba,1
raconteur,1
starberry,1
propster_,5
JerrodBireley,1
Calcalistech,1
jasonwtait,1
Pi_Labs,7
humteq,1
NickFoxMentor,1
TechEqualizer,1
GRAUSAIL,1
FaisalButt_,2
pauleygtr,1
clixifix,1
urbanitae,5
KeyAndEagle,1
Sensedi_es,1
enezar,1
misato_yamamasu,2
FintechNewsHK,1
MottMacDigital,1
VAlonsoK,2
BCO_UK,1
SesoGlobal,2
iDWELL3,1
vanalich,1
MxndCorp,1
AlicanteAi,1
PlacidoDomenech,1
VisophyLabs,1
finlay_kelly,1
SmartBizInsight,1
Insurtrek,1
PlanRadar,1
PlanRadarDACH,1
NormetteH,1
CurranMcKay,1
Buildrz,2
66Iot,1
stonksrus,1
iqbal_iips,1
StartingUp_Mag,1
rhymease,1
PEREonline,1
Evelyn_PERE,1
KlickOwn,2
dejanjovicevic,1
VodafoneUPLIFT,1
Start24_7,1
Alastria_,1
CambridgeDrone,2
MIAragon_es,1
assuraplc,1
antonyantoniou,8
IoneRueteBBC,1
vanessazbliss,1
WilfredMelendez,1
iamsayed,1
CurieuxExplorer,2
businesslondon,1
ffjoustra,9
sofialocks,5
siliconvikings,1
earcity,1
MGG_2012,1
Khattiy74899201,1
fredhermelin,3
lcarter2016,1
mor_setup,1
claudiomkd,1
AvisonYoung,1
mrisoftware,3
SIGMAAdm,1
DeltaGammaAlpha,1
azertyjobs,1
bim_world,1
PocketBuildings,5
OrdnanceSurvey,1
rediqCRE,3
elarcangeljhon,1
allenandbrooks,4
DocuSignFR,1
clevair_io,1
citrincooperman,1
BrightDoor,2
homeroverapp,1
joinlane,2
mcworthington,2
HowarthHomes,1
karimt1,1
conkers3,1
jessesprawl,1
EnriqueDoMx,1
_lsummerfield,3
ILoveBooks786,2
trymero,1
PropTech_BG,6
quintessenceltd,1
ikimo9,2
SufyanFarooqi,2
WIZZCAD,2
AppElyssa,2
BLevalds,2
WallStSizingUp,1
standard3d,1
PropelbyMIPIM,1
waa_jobs,1
biconnections,1
DigitalNStream,1
unissu_global,3
aprslo,2
r13vc,1
IA_UXJOBS,1
robynbeavers,1
thomas_pradeau,1
Millionacres_co,1
Jo_SmartConnect,1
cleantechinv,1
liamdenning,1
migster_suave,1
Eisenberg,1
RealtorBot,1
shadowventures,6
wiseyoungowl,1
365connect,1
phoenix_rep,1
RealFoundations,1
HlynurGudjons,1
IcelandinNY,1
brandon_cmngs,1
CPExecutive,1
Fabriciosx,7
SSXman2,1
work_brick,2
uCribs,1
propmodo,7
Xperior_X,3
ergoinfo,2
mark_mclean,3
AlQallaf_92,2
aalfarsi,1
realbobbybryant,5
KanezaDiane,1
wealth_mgmt,2
askdossnow,5
PSBJ,1
affiliateunions,1
Bea_Patel,1
ResiRichard,1
BellSailing,8
HomebaseAI,4
RDELLC_Retail,1
_amitm,1
PawanSomanchi,1
boots_dunlap,1
fourweekmba,1
netmorenow,1
local_logic,3
CleanVC,1
NAIOP,2
HqOapp,1
resolving,1
businessnetwor5,1
uyoyome,1
TriariiLatam,2
JosepCarmona,1
HelloAvail,1
Thebreak57,1
ProSales_system,16
DanielTechIT,1
PLACEengage,1
H0tPropertyDeal,2
hyresgasterna,1
hofverberg,1
BCAgroup,1
nemetschekgroup,1
kwqvist,1
theNBS,1
AlfonsoRamire3,1
BuildProptech,2
bidibuild,1
gill_plan,1
lettingproperty,1
LignotGuillaume,1
foxtrotwriting,4
mhclg,1
Ben_Everitt,1
passivelogic,1
AnaBusteloT,2
SimonBIM,1
salonrent,11
Vivoaquatics,1
Joeycar20696044,1
CoFlatMate,1
sulefati7,1
HoneyBadgerz_,1
BeaLouis75,6
Valcre,1
LivingRoom_immo,1
rajasekharv1979,1
aure79lien,1
Milindsingh19,1
MarcelloMercado,1
ParansSolarLigh,2
unitee_io,3
mikeymoo,1
HomeownersLandQ,1
iotproptech,3
InmofisPalma,1
myseasoninhell,1
dustyWayneJr,1
Mountxcanada,1
Vertalo_,1
agiordano_,1
Stef_W,1
DonBurrell14,1
BrumLag,1
natalie_record,1
leclozr,1
JonnyBritton,1
gwladys_rabe,1
guygal,1
karinecoeur,2
LokAawaaz,1
1DavidClarke,1
1Arsenalm,1
loicdeffains,1
LAC_investments,1
ColProptech,2
monicao54978685,1
MatuscakSheila,1
nobul,1
ConnectedWMag,1
eAnkitPandey,1
maltbyps,1
HassanBani7,1
KlausFreiberg,1
GilesBarrie,3
eltonmark,1
carlos94661898,1
PropertyQuants,1
Okapi_AI,1
jane__eden,1
AdamStuartOkapi,1
Paul12381746671,1
Jill_Powers,1
JamesMcKay6,1
loveyourassets,1
gregdiodati,1
impacthubzurich,1
OC_Conrad,1
MlleSocialMedia,1
alphaseedTech,3
Deepa60650354,1
Startup_VLC,1
oro_leesa,1
JWOnDigital,1
PropertyWeek,3
cafernandezlo,1
crecollaborator,1
klevio,1
mobiusatwork,1
QuantumListing,1
ProptechE,2
resaas,2
RealEstateEarth,1
Minervites,2
alzatejuanc1,2
ricvaz62,1
UPropTech,1
REwithShelley,1
IriaSantos,1
jacapi,1
brianringley,1
CandiceCpl,1
JPriestland,1
RobertStark71,1
KCPlanningTeam,1
asociacionruvid,1
DavidJeans2,2
Andiamo60,2
hitsamty,2
Nasimeza1,1
HannuRantanen,2
Makaka92663426,2
FrancoFaraudo,2
Mahmoud61459629,1
Godfrey2T,1
kronotipo_,1
joniboi22,1
MominAnil,1
baraahamood,1
SapJobsPerth,1
thetvia,2
fidentialaw,1
andrearam77,1
lesternare,1
riksbyggen,1
CalumBrannan,1
SimedMalaga,1
valak35060555,1
ImmoBusiness,1
Propertyshe,3
AareonUKLtd,1
CalebHaki,1
Sharlen42109705,1
RealEstatePaper,1
pathofex,2
IndoorAtlas,1
erikpiehl,1
yeongym,1
HarcourtsZA,1
svbizjournal,1
SFBusinessTimes,1
ULab_es,1
rock_verena,1
darrenkrakowiak,1
aleguiza,1
ahmedmgamal,2
rentduk,2
marketlinxltd,1
ADixonEurolink,1
ericlinatl,1
somuthaber,1
JuanAngelruizca,1
NYPierre,1
TimBrow57583842,2
FinancialHills,1
surgacentral,1
CityWriteups,1
ImmoZeitung,1
propertyxposcot,1
Homeprice14,1
vinciimmobilier,1
MerkleIZ,1
labventures305,3
JoyHubApp,1
Kunja21853824,1
pnickdurham,2
slevywebradios,1
keypointBV,1
S_Edalati,1
MartaGCouto,1
EstatesIT,2
rsfd14216904,1
DaniMcSmith,2
PARALISIS2,1
kar_kazo,1
REBNY,2
Doorman4Mobile,1
todocrowd,1
saddam16016635,1
TweetsbyEddy,1
ReboGateway,1
ProcoreOwners,1
modestproposal1,1
Le_Figaro_Immo,1
CyberAlchemistZ,1
hypemusic9ja,1
ViafirmaAmerica,1
OYRSA_es,2
DHK_VC,1
BexelInitiative,1
LeaseHawk,1
aneel,1
schweizeraktien,1
Africadisruptiv,1
Fintech_Global,7
MarvinStone,2
The_Depositary,2
DeLaGus_,1
hausify_digital,1
casadi_software,2
rishipi,1
Property_Report,1
TheCommsCo,3
mclaughlin_m_,1
roseannalane_,2
humanoid_info,2
memoori,4
Blockchain_exp,2
EjiguHeinoce,2
rgrados,2
newsoft53759560,2
ilonah,1
TheRyanFanClub,1
TheUKAA,1
trdny,1
Cwkop68hU1Q5Mpx,4
jsuutala,2
c21tc,2
bnmj92333525,2
JuleeTeam,2
hassanm32479816,2
theadambalsam,3
AppleRTweet,1
kekemeke19,1
RomanaK65375352,1
esanchezch01,1
Fibo,1
RuhiAkter5,2
REACH_Au,1
lastguyomther,1
linaskoukd_,1
1min30_Bordeaux,1
peterfgallagher,1
AnalyzeThiz,1
C36daily,1
AliaTasaciones,2
propiti_in,2
HeerRamdhan,1
williswee,1
faesslerjd,1
yogiliman,1
italiasingapore,1
eastdigital,1
TTreichler,1
Le_Partenaire,3
llaborde91,3
incisiveedge,1
EnviroBuild1,2
property_whore,1
rs_pande,1
anith,1
techinasia,1
tennouj,1
reallymoving,1
RaoulAgence,1
tecletuk,2
getunlatch,1
GemmaSutcliffe2,3
LuxuryLifeFun,3
northq_aps,1
ResInvestRSA,1
ProntoPiso,1
dox42,1
VillaAsesor,1
news_polish,1
FintechDistrict,2
SSCARELLA,9
featuretesting1,1
JuliaPayne404,1
hugenerinfo,1
HabiteoES,1
Home_Pad,1
HabiteoFR,1
MayoInfografia,1
rgarciadelacruz,1
FinanceEconomie,1
tinsa_digital,1
hope_ndhlovu,1
YanportImmo,1
InventoryBase,1
garmirbcn,1
madrid_sureste,1
handelsblatt,1
Jocelyn_Nyaguse,1
UpBizor,1
scheerenberger,1
AntsLabor,8
the404code,1
androm,2
wesmartPark,1
JaumeMayorAgell,1
saloga96,1
manhattanlifere,1
CapstoneUK,1
BernSolothurn,1
martin_side,1
PSAAnhRah,1
RaimundRaimund,1
Eurollave,1
RegTechAnalyst,1
housfy_es,3
SmesGoals,1
dalewis89,1
SmartFincas,1
FIABCI,2
Nellinson,1
ARGUSSOFTWARE,1
NAIGlobal,1
Dr_Robert_Mayr,1
aquitureforma,1
RoshniR50445173,1
thomas_rivoire,1
EggmanOrWalrus,1
sonvalero,1
ianhgunn,1
PrekshitSuthar,1
DATEV_Sprecher,1
Zapbuild,1
DrasticSummit,7
Victoria_AGago,1
HudsonLawLLC1,1
RatioCity,1
financeinnov,1
afrpc,1
EPRA_realestate,1
LeoBrufal,2
ProptechCollect,1
luthorthebest,1
JamesNBl1,1
Allen_G_Baker,1
iamChuckRussell,1
ICSC,1
Aisha17369646,1
BonyMarjana,1
rentandoOnline,1
Ahmedah01398066,1
RalphShayne,1
TradeTalks,1
SteveJacksonVA,1
sensorberg,1
placetech,2
100Ladrillos,1
Datakwip,1
p58Fintech,1
Clara_Schtt,1
wallianceteam,1
startzai,1
AFICO_MX,1
UPPliftToronto,1
jpmejiagil01,1
Mirza47129886,1
EyeSpy360,1
SkylineConf,2
BCCommercial,1
ImBmills,1
TheKeithLarsen,1
GroundBreakVC,3
UIResearchPark,1
FranceClusters,1
StartupEUMed,1
stevetheparrott,1
gregelliott,1
OpenpathSec,2
walkaboutco,2
filipporean,1
jcboccongibod,1
DanielleFHaney,1
MichalFutera,1
CapsuleCorpStd,1
leolerach,1
idgconnect,1
songalreadyover,1
coder_487,1
GreenSpotPrope1,1
ValdezVera,1
CarinCamen,1
realPad,1
uwehorstmann,1
skvarekm,1
numrdv,2
e0en,1
AntoninoManfuso,1
LettingCloud,1
LuxuryOneGroup,1
AuctionProperty,1
FiBANorg,1
jamesdearsley,3
r_daguaviva7722,1
witei_es,1
smartecocity,3
inmoversion,2
Domi_Labs,1
ubitquity_io,2
HowardGroupUK,1
martin_loetzsch,1
OrbitalWitness,1
MrGaryAndrews,1
SandhybelG,1
Shaheensz,1
frenchweb,2
PRNBldgConst,1
Redmarkforeal,1
blackbygreen,1
Luisakitchenta1,1
coMakeIT,1
alvarovmz,1
retransform,2
blouvel_fr,1
AguimaWeb,1
LauM_03,1
gp_terrot,1
Kiran_Hyderabad,1
FIBREE_ORG,1
MatHau3,1
MinutHQ,1
DooGether,1
JosephGiminaro,1
IWMSNEWS,1
JAVIER13401390,1
CrucialBits,1
tomafos,1
claumalen,1
RecoTechFI,1
CanBIM,2
CityZeen,1
ChemaNieto,2
stefano688,1
chtgnydn,1
Maxeem_fr,1
machinelearnTec,1
GoldenValley_UK,1
VcbayN,1
forgeconnects,1
DavidBodamer,1
davidjoseperez,1
jhbproperty,1
bmiklos,1
krunocrepulja,1
DenholtzRE,1
CoodenConsults,1
aimgroup_editor,1
BeMovePro,1
CaroleQuentric,1
snapdocs,1
AngelicaYoma,1
businessinsider,1
DoKscho,1
smackmom25,1
mayak,1
kalydeoo,1
iamgharris,1
cloudydays1971,1
edwardmanifest,1
markssadler,1
ApplythePeppa,1
digitaltransf11,1
milaniolivera,1
seeiwin,1
ernstoprra,1
ebreiser,1
logocomposer,1
alexonicoll,1
BuildingsCities,1
sebbourguignon,1
PACWalnutCreek,1
WhatMoney1,1
Urban_Ground_,1
InnovationHme,1
Stphaniecharbo1,1
patrickbensemou,1
ASPIM_fr,1
JulienHerbin,1
shehzadyounis,1
PW_InCub,1
PropsellerHQ,1
WelcomeWork,4
CLUSTER_DVLPMT,1
KPMGFinland,1
Homega_Startup,1
OC_RE,1
varunvummidi,1
jplarger,1
YBFVentures,4
periscopeislit,2
unitect_io,1
KPMGStartup_fi,1
NacionInnovatv,2
MdAhmad82197266,2
sas_harmonie,1
WizzCad_Cyril,1
zahid75492555,2
kritikasrawat25,2
LatamAndSpain,1
olucasradio,1
AITechmeme,2
move_first,1
MultifamilyBiz,1
reinno_io,1
MDtmizuno3,1
JayChance5,1
NewFinServ,1
vaasbhaskar,1
RenCredit_IR,1
LuxCityIncub,1
Welmo_fr,1
benjgill,1
ImmoPad,1
BrianSchwagerl,1
smllbizbigideas,1
agenttechfinder,1
toolbox_tweets,1
PaulClone,1
MoneyWeighted,1
Mallingco,1
vertablox,4
TGemignani,1
ursnareshluv,1
MikeMol16597249,1
BayfieldTrain,1
Bayfield_Sonia,1
dealroomco,1
eMonitorCH,1
taka_cfo,1
Entreprendre_MT,1
GoSpaceAI,1
investor_feed,1
SpactraxAlerts,2
jmlesstartups,1
EuodiaFinance,1
eddie_holmes,2
Hernandez_A,1
30secondsM,1
MartinPietzonka,1
aberdeins,1
JoinEnterprise,1
realquantumapp,1
andrewackerman,1
athigah,1
benslerner,1
dombeveridge,1
VUCITY_,1
gopdamu,1
technosophy,1
aucspace,1
mr_extra1,1
MarcDjandjiCFA,1
myRENZbox,1
LindsayTrombley,1
OPS_Property,1
4_Walls,1
buildingvc,1
cohesionIB,1
C_Giraldo,1
betty_stroll,1
PRODA_LTD,1
matew_d,1
MdManik45153628,1
boligmarkedet,1
Figaro_Immo_Pro,1
kvcanipelli,3
RiseBuildings,2
api_daily,1
EEDNHomes,1
codescrum,1
realestate_my,1
Azaaar11,2
tan29859445,1
Modern_Networks,1
DeFiAuctions,1
Chloe_HiDigital,1
fluttbot,1
Homadata,2
TheMIAAllDay247,1
Prop_Folio,1
Fixflo,1
brlaron,1
NSHEP10,1
nicolas_fleury,1
ibigroup,1
EstatesGazette,1
LorenDeFilippo,1
Discovertech3,2
doates100,1
kooo16556456,1
ONP_Legal,1
builderonline,1
edTawicha,1
FlutterBot007,1
markrealquantum,1
BrickMortarVC,1
dan_williams10,1
MichelNizon,1
Shelleyjeffcoat,1
RENDERSFACTORY,1
PeterRichards,1
canisgallicus,1
davis_anned,1
3DPSam,1
Koproo_Bi,1
VergeSense,1
Upsuite,1
hubraum,1
data_estate,1
AerialImpact,1
techtrendingnow,1
DiegoBestard,1
leonardlleshi4,1
RosarioParlanti,1
Tapa_Solutions,1
srerajreddy,1
ServerlessFan,1
StartupNewsIND,1
BetaKit,1
uliseflorida,1
classonde,1
bkh_leung,1
AbrigarProptech,2
dragonuyradio14,2
CREW_Network,1
AlphaComm42,1
cardiogramapps,1
kpaxtonchrist,1
ndahlberg,1
brokerkit,1
Mihok03146478,1
fducastel,1
PropertyJourn,1
Libertas_CP,1
LuisSuarezNY,1
Robisyouragent,1
GCPBID,1
placewise,1
pleccese,1
95gxr,1
IoTtogether,1
nycpermits,1
NextHomeRes,1
CateAgnew,1
particlespacekc,1
karenacoburn1,1
CREMattSD,1
melissa68886163,1
DouglasDowellJD,1
ADscaramuzza,1
RealEstateCafe,1
SoniaLieutier,1
Go5BTwhkytb2aFp,1
IntelligentBldg,1
_adamvv,1
richardphipps7,1
ClaudiaArmesto,1
CurbIQ,1
CREW_GTRPhilly,1
melaniehoole,1
zachfirestone,1
Stoofer_page,1
LatamProptech,1
NickSesma,1
BoxBrownie_com,3
proptechuk,1
Michael_MBA,1
Parking_Reform,1
StartupDailyANZ,1
KelvinD19315855,1
newpaper24,1
startupsoda,1
Mike007Hodgson,1
Hieu_Ngoc_Trinh,1
Arcange52536129,1
capstackau,1
Goffredo_Rossi,1
bdollabills,1
ClearCapital,1
REIANational,1
nikmatkom311,1
drewmeyers,1
emergencecap,1
annahaycampbell,1
startups_b,1
SimonThomsen,1
davidlaval,1
IAM__Network,1
ZancoGabriella,1
ulises88518480,1
NcsVentures,1
NahidKh54715451,1
Particlex_vc,1
LogisticsStuff,1
KhanTabia,1
propamigo,1
Jenni_Hyy,1
MonikaGuttzeit,1
apmateos,1
RealEstateMean,1
GDBouwlogistiek,1
Anthony66271118,1
HometimeAUS,1
TheREIQ,1
john13071697,1
bayut,1
hdodk12,1
netmore_ab,1
mombrille,1
Claire_E_Owen,1
DronePrepUK,1
GLWhatmore,1
iamdourado,1
RKhodadadian,1
EinarMattsson,1
Geraldine_Parm,1
VabooRewards,1
canopyrent,3
hassank80757614,1
IBDiFisch,1
